,Name
0,phirdos alam
1,satyanarayan darji
2,chander sekher
3,nila madhava hagglund
4,amba
5,raja babu
6,vansh
7,mahinudin
8,roshani devi
9,surgayani
10,bhanu pratap
11,smt seema bai
12,sunita bai
13,goverdhan
14,suresh kumar jain
15,md abbas
16,megha bansal
17,aafreen
18,sabir
19,smt aruna ekka
20,raj shabnam
21,ramesh kumar
22,gordhanlal
23,nisha
24,davinder
25,sagar shekh
26,radha raman
27,rupendra ubas
28,mahlikka
29,abhinav vashit
30,mega kumari
31,madhuri kumari
32,smt seeta
33,vedprakash sharma
34,nagma khatun
35,ravi meena
36,jiya lal
37,sh satpal
38,tarun ragav
39,beera
40,prakash meena
41,nargis
42,aarushi
43,pankaj gupta
44,sukka singh
45,shiv shakti singh
46,raghu sahu
47,ajay tomar
48,karshma with two children
49,sujit kumar jha
50,ramnath
51,naveela
52,nirmala kumari
53,manoj kumar agarwal
54,sukhlal
55,vimal
56,kumari ranjita
57,chertamani dubey
58,shanawaz
59,kayum ali
60,ruji khatun
61,shun shun
62,allauddin
63,iqubal
64,salma
65,ritu arora
66,nirmal kaur
67,kuwar pal singh
68,sharad kumar
69,rishabh
70,ram gopal
71,pravindra singh
72,baljeet
73,vikram khatri
74,iswar lal raigar
75,ish sethi
76,yaman singh
77,dolo
78,aasif khan
79,simran aahuja
80,kamal kishor radhey
81,shekhar chand
82,savita devi
83,tumpa mundal
84,nisha kapoor
85,ravidutt
86,seema kunwar
87,sajmeen
88,satvida
89,paramjeet singh
90,jhora begam
91,deepaak
92,anil singh
93,rubo kumari
94,sozi sarju
95,vitan
96,aslam baks
97,girja
98,birmati
99,nazma khatoon
100,km tanjeem
101,km poonam
102,narayani
103,noor mhoomad
104,sajia
105,mohd azam
106,devyani
107,chhotelal
108,parkash kaur
109,rajni kaur
110,ali mohamad
111,tulshi ram
112,smt nima garasiya
113,shanta koul
114,nasima
115,methun
116,saridevi
117,mandira  devi
118,vijay singhal
119,gurjeet kaur
120,priti priya
121,smt meenakshi
122,atul jalan
123,rukshan
124,seeta masar
125,sardeep
126,arti chouhan
127,munna sanover
128,pooja sharma
129,pinky meena
130,amie margaret philips
131,juhi
132,tabbsum
133,pukharam
134,gotam kumar
135,aktri aapa
136,kavit goyar
137,farana
138,milan
139,prabhatyashi urf harsit
140,suman chobe
141,chandni
142,prakash chand meena
143,beti bai
144,risiraj
145,sheela kumar
146,ramdevi
147,barjesh
148,kanishakraj
149,raju khan
150,naveen rastogy
151,diya rawat
152,sarfaraj
153,sawali mahto
154,sunder
155,rukmani
156,yasar ali
157,rekha bai
158,dheeraj
159,sagar bist
160,roshan khatoon
161,natthu ram
162,meenaxi
163,kumari lata
164,smt amita yaday
165,pankaj malik
166,sugar singh
167,yogesh chandra joshi
168,nitin
169,harichand
170,reeta  and her doughter surabhi
171,sarla devi
172,jatin
173,bhawar kali
174,premnarayan
175,makhan singh
176,ved pal
177,praveen kumar girdhar
178,iklakh
179,anil garg
180,priti
181,hem lata
182,ankit negi
183,biram
184,pooja devi
185,gulnanj
186,nazneen bi
187,ranjan rawat
188,sandhya sharma
189,shri ratan lal
190,sneha kumari
191,guni divy
192,kimat singh
193,anil chouhan
194,shakshi sagar
195,dishu
196,manorma
197,inder lal
198,chander klan
199,jaiprakash
200,puja devi
201,shsi kant
202,bhulan kumar
203,ritu shree vastav
204,puja
205,sone lal shah
206,parsuram prasad
207,rishi mandal
208,parerna
209,anuska
210,gopal
211,manju
212,harsha chauhan
213,rupali jakhotia
214,gopi
215,vikash kasana
216,radhika bhatia
217,dharam dass
218,matadeen
219,archana meena
220,brij bhusan sharma
221,taar babu
222,uma verma
223,ram milan
224,sarvjeet singh
225,ved parkash shani
226,mansi khurana
227,mukhtar ahamed
228,gulab nabbi
229,kalla
230,sanjeevan
231,marya
232,maansingh aswal
233,shiv prasad
234,prachi
235,kumari preeti
236,bhupender singh
237,amarjit
238,aman gill
239,rizwana
240,shardha nand
241,parvti urf tunni
242,ravita
243,abhaysingh
244,surjeet kour
245,akshat baliyan
246,ram murat singh
247,anjali sharma
248,rajat kuamr
249,puneet
250,dhanpat
251,smt shakuntla devi
252,ravi dwivedi
253,deepak midha
254,mohd javedh
255,kavilash
256,rajia
257,basnti
258,aman singh
259,angreg singh
260,rita jain
261,braj mohan
262,raju ninama
263,raja ram
264,raj kamal
265,meetu
266,rajendra kumar
267,champa devi
268,dipanshi
269,anguri
270,kailash chand sharma
271,anurag prasad
272,babu
273,reshami
274,rajesh mandal
275,jitan ram
276,roshan singh
277,pooja bairwa
278,chhagan lal
279,parsanjeet sarkar
280,ranbir
281,aakash sharma
282,jainab fatima
283,km shakshi
284,kashi nath singh
285,ratnesh
286,pooja taneja
287,kishan rai
288,ramu kunwar
289,chhaya
290,jyoti prasad
291,subesh
292,aarti
293,shushma
294,kalap nath yadav
295,khokan sarkar
296,surindera rajpal
297,ramchander nuriya
298,kamal
299,bhudhi lal
300,farjana bano
301,km antim
302,bajrangi lal kasyap
303,poornima
304,begraj singh
305,samina khatoon
306,ram lal
307,sandeep singh
308,mohd nazim
309,gorav tyagi
310,nazmin
311,usha sharma
312,kala bai
313,ram ashre
314,ram ashray
315,akeel
316,bachan singh rana
317,pawan
318,surekha
319,tejpal singh
320,galiya
321,kiran and maya both sisters
322,yogender kumar
323,serul khatun
324,bhisan ram
325,panchu
326,gulran
327,subhod
328,swati
329,mehruddin
330,km anamkhan
331,sitaram bairwa
332,rakesh jatav
333,bhramanand kumar
334,avneet kaur
335,brkha
336,gauri shanka
337,tirlok joshi
338,gunja singh
339,jagdish sharma
340,chanden
341,jairam singh
342,jaya chauhan
343,soni khatoon
344,rashika
345,smt sheela
346,harshita chobe
347,deepti shekhawat
348,girija
349,suda sharma
350,shavitri
351,om pal
352,babar
353,jagdish singh
354,ram uadagar jha
355,lokender singh
356,gila bai
357,sheela bhanat
358,salman
359,roopnarayan
360,jitendra
361,smt kelashi
362,pankaj mehra
363,chandni mahto
364,radhabai
365,deepali singh
366,shyam bihari
367,harpreet singh
368,bhupendra
369,chirag batta
370,mamta pal
371,suwadhin shriwastava
372,sukumar
373,vishal
374,vinod lal
375,amana
376,rihal ali
377,shkuntala devi
378,satyanarayan lohar
379,rajesh naydu
380,shivcharan
381,sonia sapra
382,narendra kumar
383,bhushan sahay
384,devender pal
385,sahajaha
386,khushnuma
387,subodh kumar
388,varun bansal
389,savitri bai
390,sahenaj
391,puja yadav
392,vinod ahuja
393,sawariya khatun
394,subjeet vishavkarma
395,kumari firdosh
396,ganga bhagat
397,smt teena
398,kaptan singh
399,nurbi
400,rambhajan
401,narender saini
402,km preeti
403,rajkumar chawla
404,chatter singh
405,vimal dhakar
406,aaliya
407,lila devi
408,preti
409,varsha tiwari
410,smt jamna
411,chander shaker
412,smt prem devi
413,pankaj rawal
414,km soniya
415,jhansi rani samuel
416,dharmendera
417,ombeer
418,rajnish gupta
419,anguri bai
420,viren
421,rahul jain
422,mula ram
423,nisha singh
424,harprasad sahu
425,shiv kumari
426,majrula
427,sh tejpal singh
428,mohamad awar
429,goruav
430,sangeeta mahali
431,gyaan kanwar
432,raju damor
433,radat shyam
434,pryanka god
435,ravi swarnkar
436,manav shankar
437,aftab
438,aadesh
439,alema
440,vinay kuma r
441,jagbir
442,veeru
443,ravinder morya
444,raseel
445,laxmi  kumari
446,abdul salam
447,rupak kanti dass
448,rinku pal
449,vimal kumar
450,spna
451,smt sudha
452,not known
453,vijender
454,vipin jain
455,sunder paal
456,davendra meena
457,shehnaz
458,ram chander
459,deepak prasad
460,prity
461,smt motiya
462,banty
463,shivani devi
464,sanjai sharma
465,km durgesh
466,kumari kajal
467,pushkar
468,karamvir
469,rajeev dutt
470,mustkim
471,azaz
472,deepak verma
473,aanand kumar
474,sitara khatoon
475,rafiq
476,vishvanath
477,surender kumar
478,chander shekhar
479,ajay halder
480,laxmi deve
481,sushmita rao
482,jeetram
483,kumari kuljeet kaur
484,tribavan
485,shakti singh
486,devender jain
487,shishul pal
488,jon vergis
489,ranjana
490,naroo orf narayan
491,harendra
492,hudi bai kir
493,om prakash
494,rosanjahan
495,rubeena
496,samundri
497,nadir tanzeem
498,shri ram mehto
499,deepa bhatt
500,mahinder yadav
501,dhurender singh
502,babli
503,khuma ram
504,tunni lal jaiswal
505,smt kailashi
506,munesh
507,prashant jain
508,arshad
509,jang bahadur
510,peena
511,nanni
512,kamini devi
513,muskan kannojiya
514,akhilesh gupta
515,gaurav
516,mangal chand
517,dropti raiger
518,parvinder
519,asiya
520,jay shree panchal
521,noorpa khatoon
522,parbhudayal
523,fasrun nisha
524,banu
525,jalmi
526,mohit kumar sharma
527,sumanlta
528,chhagana
529,altaf
530,pritibha adrash
531,shiv kumar
532,indta
533,digamber yadav
534,sumitra shah
535,smt shalu
536,bahwana
537,smt aachal
538,pallavi
539,shan mohamad
540,aniket
541,khusbu devi
542,shahvaj
543,naman jain
544,gurdayal
545,satrohan saday
546,pramila
547,manojkumar
548,ranjay pandit
549,chandni with his son karan
550,rajbala sharma
551,bablu regar
552,muqhtar muslim
553,gopi devi
554,ranjna
555,pandit ram niwas
556,satish kumar sharma
557,tarunnam
558,afsana
559,gufran khan
560,rahina
561,sonu saksena
562,kirti chawla
563,meera devi
564,mohit maan
565,jay
566,akash tomer
567,pawan malhotra
568,gungun
569,madhusudan prasad
570,ramjeet
571,sirazudeen
572,gulshafa
573,shoan singh kandari
574,jawed ahmad
575,sonu jangir
576,khalidur rehman
577,raminder kaur
578,pareeti
579,sonia rathore
580,manju bai
581,munna lal
582,gaurav urf raheesh
583,lakshmi shah
584,vipin varma
585,raja kumar thakur
586,leela with a child
587,kaushar
588,shivangi
589,ajay singh
590,jabir
591,varisha
592,brijesh kumar
593,shambhu lal
594,deepak rathore
595,sushree veena
596,pradeep agrawal
597,mahender mishra
598,sonu pandy
599,sanju bai
600,sushma
601,kumari jeda
602,samvedna
603,mamta devi
604,kiran kumari
605,mohit kumar
606,smt rekha salvi
607,jafruddin
608,dil kush meena
609,girish kumar
610,iema
611,nirmla
612,pooja gupta
613,farhaja ahmed
614,rahul sharma
615,purnima devi
616,rozi
617,rina
618,ramchander singh
619,ajay bhardwaj
620,sanjiv kumar jain
621,tania parveen
622,sarika panjawani
623,kumari asha urf hema
624,ms janky sawra
625,kirorimal
626,indrvati
627,prabhakar
628,kumari meera
629,mukesh kumar
630,sujit singh chaudhary
631,subhash kumar
632,shamshad
633,sheela jain
634,chinki kanwar
635,smt nisha
636,pradeep aggarwal
637,raju kanwar
638,meeta jain
639,anooj patava
640,sablu
641,ankit khatri
642,aaftaab husan
643,udham
644,shushila balai
645,manish kumar mishra
646,kumresh
647,veepal singh
648,jioty bajaj
649,rukhsona
650,akram khan
651,shashi kala
652,bhup singh
653,ramphal
654,smt geeta roat meena
655,shanti
656,ramniwas
657,smt asha
658,kunti
659,dropati
660,arpna pathak
661,anish ahamad
662,meghana
663,iqbal
664,sakir
665,himansi
666,ramwatar
667,vipan kumar
668,snehlata
669,mohd shakeeb
670,ram devi
671,rajeev kumal
672,mohd asif
673,reetu shrama
674,ganga bishan bairwa
675,mehnaz
676,shiya
677,rashmi jhaa
678,shyam lal
679,kirti ahuja
680,rajni arya
681,mohd wazir
682,jatan singh
683,sawana
684,ajeet
685,somdevi
686,suraj puri
687,kmles kumar
688,gangaram
689,tanuja devi
690,bahadur singh
691,ram avtar
692,sumedha mehditha
693,subhash mulla
694,shri ram parkash
695,akansh anand
696,ramu yadav
697,raghubir singh fauji
698,shima
699,nafe singh
700,alok
701,saziya siddiqui
702,dhurpati
703,manira minj
704,sumit kumar
705,badnath
706,kumari reshma
707,tahira
708,premwati
709,rampal singh
710,mamta patidar
711,manoj joshi
712,harman singh
713,pammi
714,tarnnum
715,smt alkha
716,munna shah
717,shjad ali
718,deepa saini
719,anil yadav
720,himanshu bisht
721,moni devi
722,megha
723,mehwish
724,sunil dutt
725,shahrukh
726,param
727,moh irfan
728,nanhey
729,sunil gurjer
730,jasbir
731,girishchandra
732,dataterya devi dass jadhav
733,pooja kanwar
734,mahesh balwani
735,aditya kumar
736,nazir ahmed
737,girish chand
738,miss heera
739,father
740,harimohan sharma
741,nirma
742,doulat singh
743,vishal kapoor
744,priyanka soni
745,toquir ali
746,kamlesh urf jula
747,karansingh
748,anooj
749,mohd imran
750,monika rani
751,fatima
752,mohammad humayoun
753,kifayat tula khan
754,priya kmari maurya
755,madan
756,yash goyal
757,ratmo devi
758,ganpati korada
759,heeera lal
760,smt nazama
761,yogendra pal
762,mandeep
763,sumit chugh
764,shivnath
765,parvashi
766,bhanwari
767,parvej
768,shiv lal nehara
769,smt maya devi
770,manisha garg
771,mohd firoz
772,sokin
773,sachin lakhera
774,akhil ravindran
775,bhopal
776,kamini
777,rabita
778,badri ram
779,rajat sarma
780,bashudev sharma
781,kumari monika mahavar
782,mahender pal
783,jalaluddin
784,jitender yadav
785,swadhin beswal
786,smt sakura brn
787,seema khatun
788,nirvat
789,aasa devi
790,shakuntala sharma
791,ajay mishra
792,chhabeel sharma
793,laxmi narayan verma
794,rupa  kumari
795,abhishek
796,hari prasad
797,shikha
798,isnesh
799,maniram
800,kalpadma
801,tarjan
802,sanjay malik
803,axat
804,ram kishan
805,priyanka with a child tusar
806,puneet jain
807,neeraj kashyap
808,rajesh god
809,farida bano
810,teenu
811,vikarm singh
812,baby shine
813,soni yadav
814,jatin kumar
815,balwan khar
816,neetu kumari
817,arif hussain
818,sarita devi
819,mukesh goyal
820,chabi lal
821,saveena
822,shazida
823,karisma
824,aanik with her son
825,ramkumar tiwari
826,renu
827,gajender singh
828,marzina khatoon
829,amarjeet kumar
830,yashin
831,meghu kumar
832,eshwari
833,birjesh
834,raj karan
835,rubjaan bibi
836,sajruddin
837,nand kishore
838,amrik kaur
839,sangeeta devi
840,roshini praveen
841,ran jeet singh
842,miss madhu meghwal
843,arti devi
844,shabnam praveen
845,subhash aurao
846,anil chadda
847,pankaj sharma
848,razia devi
849,kelama devi
850,mohit agnihothri
851,omprakesh
852,hashrat
853,homa soji
854,araslan yusuf
855,smt madhu
856,jaishmin
857,rajkumarm
858,jyoti gupta
859,mehrunisha
860,chitprit singh
861,kalpesh
862,suman or lali meena
863,latoor
864,afsana khatoon
865,lavi
866,bhotra
867,kanta kumari
868,lalmuni koda
869,lakh ram
870,ram siroman
871,mithun
872,atul uppel
873,nikki kumari
874,aphsana
875,guljan
876,rashab
877,bhakuni devi
878,matul  devi
879,satyvrat
880,beeuty kumari
881,imran khan
882,keta
883,devanand
884,dhirender
885,mohammad afjal
886,gunjan
887,tapan kumar
888,dharmbir
889,arun joshi
890,zamile amhed
891,dipendra kumar
892,sandeep kasera
893,smt gulshan bano
894,neeraj yadav
895,sh rajendr
896,smt kavita bai
897,avastha khatun
898,yashika
899,kamal kishor bairva
900,surgayan kanwar
901,mitthun
902,nanhu khan
903,kavita kanwar
904,shishpal
905,ravinder singh
906,raj rani
907,dolat bano
908,siddarth chakrwarti
909,veerbhan
910,rudra narayan urf sonu
911,ashnu begum
912,ram sanjeevan
913,lata lalwani
914,shahrukh khan
915,pintu kumar
916,shittal
917,chanderwati
918,vishnu bhati
919,smt rekha
920,vipul gupta
921,gajendra mehta
922,smt momin
923,mahmun khatoon
924,mabiya
925,shakuntala
926,banty babu
927,shambhu jha
928,mahaveer jain
929,ghan shyam
930,farjana banu
931,raju jha
932,diksha or beby
933,ravi rawat
934,hazari lal
935,katyayani
936,barkat
937,fatma
938,jakh bahadur
939,priynka
940,parmila sona
941,somnath batra
942,sarthak dadwal
943,manoj sharma
944,samser khan
945,shivbhagvan
946,rampati gujar
947,inder singh bist
948,neeraj gupta
949,miss manjula
950,tinki
951,sahil tigga
952,manish maheshwari
953,sanjay gulati
954,shayana
955,anadi
956,alok yadav
957,baby tahiran
958,chandra parkash
959,nikhil kumar
960,arifa bano
961,kavita talash
962,rukmani bai
963,monu kumar
964,ankur solan
965,kumari renu
966,rehan
967,vivek sharma
968,preeti bharti
969,kishan yadav
970,pardeep adak
971,gunjan devi
972,gurnam
973,bittoo sahani
974,apsana parveen
975,asfak
976,vipan
977,jugani
978,jagmal
979,parvinder kaur
980,japneet kaur
981,viraj rana
982,englas
983,pinky devi
984,kalpana patidar
985,vikram kumar
986,aarti kumari
987,pooja raghav
988,ritu sharma
989,ramdev sharma
990,dharam raj
991,nittin rana
992,mangeram
993,shalesh
994,shalu singh
995,rohit ahlawat
996,pphola
997,sita ram saini
998,devesh kadyan
999,tisar parasar
1000,inkoo
1001,khushal mani
1002,mushir ahmed
1003,priti tomar
1004,aarti shaha
1005,jairam mandal
1006,smt devli
1007,munna kumar
1008,khursid
1009,ishan
1010,maushid
1011,sukhbir tanwar
1012,sama
1013,vidit tyagi
1014,mukesh bluni
1015,smt nanhi devi
1016,archna
1017,khushi panday
1018,dana ram
1019,laka ram
1020,iqbal masin hans
1021,salinder
1022,shamina
1023,sabanam
1024,ashish malodia
1025,kali devi meena
1026,nisha kumari
1027,puja urf rekha
1028,smt sudha bisht
1029,saleem ansari
1030,duraga prashad
1031,jagpati jha
1032,yogeshwari goyait
1033,pangita
1034,mookan
1035,hardik yadav
1036,bhagvati parsad
1037,jayesh singatvadiya
1038,ahsan salmani
1039,ashok thru
1040,jitender rai
1041,sheikh azhar ali
1042,satish kannaujiya
1043,budhi singh
1044,amisha
1045,geeta bhagat
1046,dhanwanti  devi
1047,rinki
1048,lalit rastogi
1049,arun kaushik
1050,krishna kumari
1051,gudiya rani
1052,rameshwar kumar
1053,diya mandal
1054,mitlesh kumar mishra
1055,durvesh
1056,shish ram
1057,prabhakar pandey
1058,sumitra devi
1059,kamal kishore sharma
1060,rekha
1061,km sayma
1062,kali ram
1063,susila
1064,shyam sundra
1065,sachin pal
1066,sanaullah
1067,deepak gupta
1068,nazma
1069,isha devi
1070,smt vimla
1071,sanpat
1072,gopal lal
1073,ramesh chand
1074,alisha khan
1075,sonali pandey
1076,vijay
1077,nilam bhoi
1078,rashmi
1079,amit prasar
1080,abdul jhabbar
1081,km sunita
1082,rajender singh rawat
1083,munna ram
1084,lata sen
1085,nandram
1086,monny
1087,nitesh shyam
1088,srita devi
1089,anamika sujata
1090,gordhan
1091,vinit kumari
1092,najis
1093,inder kumar
1094,kanchan kumari
1095,vishwjeet devnath
1096,smt hasmi
1097,naval kishore
1098,ujamma
1099,sonu kanwar
1100,shyamvati
1101,bangali babu
1102,ashish urf bablu
1103,mumtaz
1104,abdullah
1105,sachin kumar garg
1106,prem
1107,anurag tiwari
1108,adrash
1109,poonam kumari
1110,sabi
1111,bhajandeep singh
1112,sultan
1113,lavkush
1114,sispal
1115,bina jatav
1116,hanuman das
1117,suman
1118,munender bahuguna
1119,teekam
1120,shoaib
1121,gaurav sethi
1122,sudama
1123,dasharath
1124,shabreen fatima
1125,asha naidu
1126,gouri shankar
1127,aman deep kaur
1128,ajmeri jaysmin
1129,minakchi
1130,kumari heena bharati
1131,smt manju jat
1132,amina singh
1133,virnit
1134,rukshana
1135,ram janm
1136,long shree devi
1137,himal
1138,bawan yadav
1139,devasheeh
1140,smt kishna bai
1141,rajiv chawala
1142,umar
1143,lilu ram
1144,kamal jyoti sharma
1145,narbda
1146,ashif
1147,sangeeta
1148,naryani devi
1149,vijay rajpoot
1150,vivek kumar gupta
1151,lala
1152,sanat patra
1153,rinki jaiswal
1154,samay singh
1155,surti kumari
1156,gulsher
1157,ravi teja nikkam
1158,parbhat jha
1159,rekha meena
1160,tara parshad
1161,chand mohammad
1162,ramesh lal
1163,sanjay tyagi
1164,harender kumar
1165,paratibha
1166,miss mamta
1167,babita dhasmana
1168,shanshak sharma
1169,tarawati devi
1170,smt gori barman
1171,smt rajani
1172,mohd sayyub
1173,mohan swaroop
1174,rahil
1175,abdul aziz
1176,faizan
1177,anwar ali
1178,jagdish nayak
1179,mahesh chand gupta
1180,vinit tyagi
1181,girijarani
1182,lawrence s
1183,prashant mishra
1184,ridhima
1185,ganga
1186,lal singh
1187,sumnesh
1188,manju nayak
1189,ashwani kumar
1190,trijugi narayan sukla
1191,mantu gupta
1192,km  meenu sharma
1193,mahender kumar
1194,joya ansari along with her mother fauji puri
1195,kamal kishore
1196,bharat taneja
1197,kumari kiran
1198,virender pal
1199,meenu rani
1200,similata
1201,brijshwaer
1202,gawri devi
1203,anil urf nitin
1204,dhan singh
1205,kumara pushpa
1206,vijay kumar raghav
1207,anzum
1208,aditya sharma
1209,chander parkash
1210,nidhi
1211,samima khatun
1212,kalawati
1213,vinay yadav
1214,sachi
1215,bashanti devi
1216,nirmal kour
1217,deepak aggarwal
1218,arun mishra
1219,rajender kumar dheer
1220,vimala devi
1221,panchi
1222,poonam rani
1223,silpa jain
1224,smt sushila rawat
1225,suhagini
1226,neeraj kumar verma
1227,ghanshyam
1228,kabal singh
1229,tapas das
1230,chanda devi
1231,poonam gupta
1232,deepak garg
1233,hagami
1234,pammy kumari
1235,geeta oram
1236,praveena
1237,pooja bhatt
1238,smt maya
1239,harish chand joshi
1240,kiran devi
1241,dwarika gurjar
1242,gulsana
1243,dheeraj kumar
1244,darshan lal
1245,basiran
1246,badshya khan
1247,kumari aasu
1248,hema koli
1249,chintan saini
1250,kanti
1251,sunita with her two minor children namely sandhya
1252,inder dutt
1253,mala
1254,anisha jain
1255,lalit saini
1256,rubee
1257,aasif
1258,shgita
1259,vikki kumari
1260,benu malakar
1261,amiri kumar
1262,shekhar
1263,bittu paswan
1264,deepa rani
1265,puneet chawla
1266,suresh sanwal
1267,shahna
1268,naeem
1269,tekchand
1270,shan mohd
1271,goutam
1272,smt  archana
1273,shukla vishwas
1274,miss seema
1275,amar deep kaur
1276,murli
1277,suman bairwa
1278,tanmay dev nath
1279,jaidul ali sekh
1280,rinki kumari
1281,rubi pravin
1282,sahanaj khatun
1283,mahaveer
1284,punam shakya
1285,twenkle
1286,gaurav shankar
1287,saweta singh
1288,nisar ahamad
1289,saif
1290,akash malik
1291,tejpal sharma
1292,meenu kashyap
1293,smt champa
1294,aayana
1295,renuka parmar
1296,rukhsna  begm
1297,pardeep
1298,ruanbza khatoon
1299,chander prabha
1300,sundar lal
1301,samadhan more
1302,rashida bano
1303,harishankar
1304,maneesh kansal
1305,firdous
1306,karma devi
1307,lalit rana
1308,shri kant ghore
1309,gajala
1310,maha dev sharma
1311,kanhaiya
1312,komal panwar
1313,ahmad
1314,sanjit kumar
1315,nathu
1316,alok kumar thakur
1317,manoj
1318,gulfasha
1319,kumari rekha natheniyal
1320,mousin
1321,raj dhameja
1322,sayda begam
1323,bharat dendor
1324,ramkumar
1325,urwashi
1326,suraj singh
1327,fakiha
1328,laldhari ram
1329,raghuvinder kaur bhatia
1330,sukmani
1331,seeva khan
1332,amrish dixit
1333,ram subhak
1334,sonu pandey
1335,manisha meena
1336,monika
1337,omi
1338,yudhbir
1339,satyanarayan harijan
1340,ganesh malik
1341,basant
1342,papa rao
1343,smt akhtri begam
1344,dhapu
1345,ajima fatima
1346,avdesh singh tomar
1347,nathani mandal
1348,bidami devi
1349,santosh kumar sukala
1350,smt bhavana
1351,nandi
1352,preeti joshi
1353,forshan anl
1354,kirann
1355,rajdut
1356,kawal kumari
1357,alapna
1358,aafreen fatima
1359,abhishek tiwari
1360,harish chander saroj
1361,neha dhiman
1362,moolchul
1363,shilpi kumari
1364,pawan gupta
1365,ansar
1366,pintu saini
1367,uda ram
1368,simran adhikari
1369,sunil singh
1370,rambir
1371,foolmaya
1372,govind dev
1373,birender kishor bhala
1374,shahnawaj
1375,rakesh kumar arora
1376,j nelson abiman
1377,leelawati
1378,dipeeka
1379,baby devi
1380,basanta
1381,gautam
1382,sudesh kumar
1383,shahid khan
1384,manlisa bairwa
1385,pooja chawriya
1386,yognder
1387,kanika sharma
1388,vijay ghimre
1389,faiz ahmad
1390,sarswati devi
1391,amar kumar
1392,hemlata
1393,deendyal
1394,harpreet gil
1395,raishma
1396,vijay thakur
1397,suraj manda
1398,bhanwari devi
1399,goutam bhora
1400,venkatswaran rama swamy
1401,vidhi singh
1402,frjana
1403,naseeba
1404,sanjeevan lal
1405,shaturughyan chaudhary
1406,nupur
1407,niru
1408,teena
1409,minakshi
1410,tulsiram
1411,talvender
1412,ravishankar
1413,sudesh devi
1414,manisha damor
1415,chnda mali
1416,chitro
1417,nagaji
1418,krishna pandey
1419,akshay pahwa
1420,rena bai
1421,atul dixit
1422,ankit rawat
1423,suraja ram
1424,khusbu regar
1425,amit gupta
1426,smt kusum davi
1427,smt geeta agarwal
1428,sakshi dikshit
1429,raju gupta
1430,naziya siddiqui
1431,sunita with her daughter
1432,harshi
1433,rakesh  gupta
1434,nannu ram
1435,kuldeep
1436,jagdamba prashad
1437,sona sarkar
1438,naushi
1439,vishal verma
1440,sahbuddin
1441,sazi
1442,sukkhu
1443,vijayta
1444,manisha dhoundiyal
1445,km shina
1446,jantarpal
1447,suhaliya
1448,krishna devi
1449,surjit singh
1450,yashpal singh
1451,zeba parveen
1452,aisha khan
1453,oma
1454,attar
1455,mahabir
1456,raju yadav
1457,gulreg
1458,moona
1459,km veshali
1460,inderjeet kaur
1461,anuj patni
1462,brijpal
1463,lakshmi kumari
1464,muli
1465,reshma
1466,parvinder singh
1467,shivam koushik
1468,gayatri devi
1469,laxman sinsh
1470,ram jivan
1471,damini
1472,badri narayan yadav
1473,nitish kumar
1474,mangat singh
1475,modh yakum
1476,nand kishor
1477,roop kishore
1478,siddharth
1479,chunni lal
1480,gulshan bhola
1481,raheesh
1482,pawan lakhwani
1483,milka
1484,nand lal bansal
1485,rahul bhaskar
1486,atul misra
1487,shabana khatun
1488,bhoop singh
1489,tarun kumar
1490,salama
1491,sher hasan
1492,rakesh tabiyaad
1493,ahupendra
1494,joginder mandal
1495,renu gupta
1496,urmila bai
1497,ravi singh
1498,parmeshwari
1499,kusum devi
1500,munender singh
1501,farha  khan
1502,garima rai
1503,chandan singh
1504,jyoti fransis
1505,islam
1506,ramchandra
1507,amit verma
1508,shankar lal
1509,rajesh tiwari
1510,ahsan
1511,gulabsa
1512,shankar dass
1513,sh om prakash
1514,nicharon mosami
1515,jeeya lal
1516,balvinder
1517,anita vyas
1518,hem singh
1519,lalit alias lowan
1520,mangta
1521,sachin singh
1522,smt shyani devi
1523,rajkumar bhil
1524,arti kumari
1525,abida
1526,manish gautam
1527,yogender choudhary
1528,sinaa bnau
1529,mukhtyar singh
1530,dinesh chandra bartwal
1531,tulsi sharma
1532,shimla
1533,shanker
1534,dwarka parsad
1535,handu
1536,rafi
1537,shveta
1538,anjali kiski
1539,samon
1540,pradeep
1541,nishu kumari
1542,suman giri
1543,ramsawroop
1544,ruby panwar
1545,sahab singh alias bitu
1546,chettan
1547,manju bhasin
1548,nathu singh
1549,birajbhushan
1550,rajiya bano
1551,bahalen angriya
1552,dolly khatik
1553,kumari jyoti
1554,kaleem
1555,smt dhapoo devi
1556,yash
1557,deep
1558,hema pandey
1559,kuldeep gaur
1560,tameezuddin
1561,rajkumari with her daughter
1562,sohan singh rana
1563,aditya vikram
1564,kalpana urf loharu
1565,nesha
1566,ompati
1567,asmita
1568,minakxi
1569,anupam mehara
1570,sayja
1571,susila rawat or arti rawat
1572,nazir ali
1573,jiya
1574,aahim
1575,abhash lochan jha
1576,kasumbi
1577,jaiparkash agawal
1578,sanjay chauhan
1579,lokesh deswal
1580,ranjeeta
1581,munnawar ali
1582,kunal kumar singh
1583,hemavanti devi
1584,parmila with a child mahak
1585,lakhi
1586,rameshwar
1587,noorjhan
1588,priyanka  jatav
1589,nitin sharma
1590,hasibul khan
1591,juber
1592,vinoda kumar
1593,manish kumar  sharma
1594,tamana banu
1595,tannu
1596,mangeshwar
1597,varun
1598,kallu
1599,mubarik ali
1600,km priyanka
1601,sushil sharma
1602,sharat chandran
1603,sana
1604,rishab kumar
1605,babul al
1606,mohani bai
1607,ram ji gupta
1608,chhinderpal
1609,mohan lal sharma
1610,gaurav raj
1611,devi sharma
1612,shankar malhotra
1613,mo sarif
1614,raj kumari yadav
1615,praveen kumar pal
1616,jugender khetpal
1617,sanju singh
1618,waseem
1619,anil balai
1620,diti sharma
1621,deepika kumari
1622,shashikant mishra
1623,smt salni devi
1624,varsh
1625,imamuddin
1626,hasan
1627,jaanki
1628,haliya aakhon
1629,jiya rahman
1630,sunena
1631,subhiya bibi
1632,kamal sharma
1633,chunnu sharma
1634,meena
1635,jubed
1636,jasim ahemad
1637,rabiya
1638,uganta
1639,rajna
1640,rahul sisodiya
1641,shiv mohan
1642,parashu ram sharma
1643,bheema
1644,manoj kumar
1645,sanjay bharti
1646,sahabbudin
1647,rahish ahmad
1648,jawed malik
1649,taiyab khan
1650,dilkhush
1651,smt bhagwani devi
1652,surender
1653,injum
1654,manjeet
1655,radha
1656,miss leela
1657,nasreema khatoon
1658,ramesh kuamar
1659,dakshya sharma
1660,prashant yadav
1661,sanjay mashi
1662,santosh mahto
1663,samya
1664,madhu sudan
1665,smt kamla meena
1666,rinkoo
1667,kanwar baljit singh
1668,shambu gujar
1669,afzal ali
1670,pramod kumar
1671,gulnaza
1672,manish sehrawat
1673,beena kumari
1674,anuja singh
1675,arzoo
1676,meghanath suwedi
1677,sajma
1678,neha bhatia
1679,awshin
1680,etahsaam
1681,ikramudeen
1682,manmohan khurana
1683,joity
1684,sourab verma
1685,anjali devi
1686,vazid
1687,sidh lal
1688,sheikh hamidral
1689,parmod kumar pal
1690,vinay kumar jain
1691,mangi lal
1692,vaibhav
1693,shiena
1694,devi
1695,rakhee
1696,durgpal
1697,jawahar singh
1698,isika
1699,akshit
1700,sugai vishwas
1701,ku rajindre
1702,praveen kumar chauhan
1703,deepi
1704,pawna
1705,varun jangra
1706,komal bharti
1707,kundan singh
1708,diksha
1709,dinesh kartik
1710,asma
1711,allaraji
1712,kajal kanwar
1713,mohd salahuddin
1714,babli sharma
1715,smt lali
1716,jasveer
1717,gorav kumar
1718,rinukanwr
1719,md  tayab
1720,kumari dipti
1721,salini
1722,gourav jain
1723,arun sing
1724,bhagirathi
1725,priyanka
1726,nafeesa
1727,km anjali
1728,neesa
1729,samad
1730,mohd useel
1731,sarju
1732,dharmender kumar sharma
1733,harsh kapoor
1734,divya bharti
1735,dinesh
1736,piroj
1737,vikram
1738,shanti bai
1739,anisha
1740,beni dangi
1741,pooja khatri
1742,durga parshad
1743,aabid
1744,deepak sharma
1745,huseni bano
1746,switi
1747,vishal bhandari
1748,saida
1749,himanshi kalshi
1750,akhtar
1751,radhika pal
1752,jorj vargees
1753,sajda
1754,chandini
1755,anirudh
1756,usha devi
1757,smt anju
1758,gulsida
1759,jabbar singh
1760,satosh
1761,birender pal
1762,shamim ansari
1763,puspendar
1764,dharampal
1765,rajend
1766,sunarkali
1767,nilam devi
1768,mahfooz
1769,krishna nand
1770,mehak kapil
1771,ekta chopra
1772,chand miyan
1773,nusrat
1774,nikhleshwar bhagat
1775,nishu
1776,shanu devi
1777,smt ashan
1778,sanchit gupta
1779,tunni lal
1780,anshika kumari
1781,ram kishan tomar
1782,waheeda
1783,tahira bibi
1784,ayub ali
1785,farhin
1786,sucheta gupta
1787,smt lata davi
1788,abhijeet sarkar
1789,aazad
1790,shahjad khan
1791,narsa ram mghwal
1792,farha parvin
1793,channu basda
1794,deeksha
1795,mahesh meena
1796,nakul gehlot
1797,kumari farhin
1798,badri prasad
1799,lata patidar
1800,rehana praveen
1801,ganga sagar
1802,mahipal
1803,ajit yadav
1804,aslam
1805,sarmila
1806,anita sharma
1807,sabila
1808,nilam singh
1809,jyoti dubey
1810,bablu mishra
1811,altaf ahmed
1812,ashok babu
1813,ruvi
1814,sandiya singvi
1815,sorab
1816,karim
1817,godambari devi
1818,sarafat
1819,asgari parveen
1820,manoj patra
1821,sushil kumar
1822,chandra mohan saden
1823,bodu ram
1824,chandan yadav
1825,prakash prajapt
1826,ranju
1827,mehak
1828,usman
1829,jhagdu rzak
1830,ilema
1831,sayra
1832,anil narula
1833,yusuf
1834,deepika sain
1835,neha singh
1836,santosh singal
1837,ashma
1838,robert forsis
1839,navi alam
1840,jai pal
1841,vikramjeet
1842,geetika
1843,jharna dass
1844,yamini
1845,shabir
1846,km soni
1847,bhajju ram
1848,reena saini
1849,jhaban
1850,harshita poswal
1851,davender dass
1852,dabbu
1853,kalyan singh
1854,kamlesh kanwar
1855,veshali
1856,pataso devi
1857,abhishik partap singh
1858,purva
1859,siza
1860,kumari pooja
1861,indra kanwar
1862,rahul kumar tiwari
1863,padam chand
1864,prem chand
1865,durga meghwal
1866,koyal
1867,kalawati sharma
1868,pooranmal
1869,swapanesh gupta
1870,rani kumari
1871,aashu maheshwari
1872,shyam narain pande
1873,sanju urf yatendra singh
1874,sahib alam
1875,shruti
1876,smt anjli malik
1877,monu alias kallan
1878,binpal
1879,kheem singh
1880,ranju kumari
1881,hardas
1882,mukesh chaudhary
1883,harvans
1884,pree
1885,sarmila devi
1886,tahseen ssifi
1887,sharda devi
1888,suman tiwari
1889,mangilal
1890,sukhpal
1891,neha thakur
1892,neetu sharma with a child
1893,phoolla
1894,pramjot singh
1895,sarbjeet mishra
1896,mho javed
1897,dolley
1898,priyanka sagar
1899,ruchi singh
1900,narayan dass
1901,suntia
1902,sharukh khan
1903,shahzad
1904,shobhit kumar
1905,sintu kumari
1906,raj kishor
1907,sonia
1908,anju mangalam
1909,hina kanwar
1910,ranju devi
1911,ashok kumar sharma
1912,bundel sahni
1913,pardeep hemraj
1914,manoish
1915,sachin tomar
1916,ajay bairagi
1917,nazia
1918,nazira
1919,akhilesh yadav
1920,rihaan
1921,nanhe
1922,akash meena
1923,pooja pandya
1924,mukiman nazir
1925,mohd nihal
1926,deepansu
1927,ajad rawal
1928,manku ram jat
1929,sima devi
1930,sunita haddu
1931,kiran sen
1932,saurabh rana
1933,mohit kausal
1934,anurag
1935,rohtash singh
1936,rinku kumari
1937,firtu lal
1938,nashima
1939,resham yadav
1940,ramchandr
1941,hanshraj
1942,parvej ahmed
1943,seema saini
1944,seema kumari
1945,madhuri sharma
1946,subhash singh bisht
1947,satish chandra
1948,rajender kumar
1949,gourav batra
1950,vijay gurjar
1951,divyansh with father
1952,uday singh
1953,subhagya
1954,vijay pal
1955,mohmad shadi
1956,rudhra pratap
1957,sarita kumari
1958,shma
1959,sardar pal singh
1960,dharmveer
1961,sukhpreeet kour
1962,mnoj sethi
1963,uma
1964,neelam yadav
1965,manju nagar
1966,bharati
1967,richa
1968,jot singh
1969,alka kumari
1970,kaushik kumar
1971,bhuri
1972,rajwanti
1973,anupam
1974,smt sunita
1975,tranoom
1976,sita
1977,rachpreet kaur
1978,mohit sharma
1979,mazhar
1980,azad singh
1981,miss meena
1982,govinda
1983,kanti devi
1984,naseema khatun
1985,ayan khan
1986,sh prem singh
1987,priyansu jain
1988,brijpal pal
1989,neetu sain
1990,durga singh
1991,madhu nayak
1992,nasir ull khatun
1993,gosia
1994,harwindra singh
1995,prateek kumar tiwari
1996,shaving khatoon
1997,rinky devi
1998,taranjeet kaur
1999,rakhi kumari
2000,jisaan
2001,vimal verma
2002,seema uraf lalita
2003,chanab
2004,hansa dave
2005,smt nilam
2006,tejpal
2007,vinita devi
2008,nanda devi
2009,ravi kumar gangwal
2010,ritesh
2011,anita gop
2012,shrinath prasad sharma
2013,deepa ram
2014,ishwar singh
2015,jaijairam
2016,dinesh kumar
2017,budhu
2018,nasiar khan
2019,priyaka
2020,mannu
2021,mahadev
2022,satu singh
2023,smt ratni
2024,neha parveen
2025,khubi ram
2026,naseem ahmed
2027,khushnaseeb
2028,sanju devi
2029,vimala
2030,veermati
2031,lalita luthra
2032,said mohmad
2033,shimala
2034,sarika
2035,mairi jeems
2036,dhanpati
2037,ram nath yadav
2038,subodh yadav
2039,yograj
2040,shyam lal gupta
2041,punarjyoti lahiri
2042,haseen
2043,kumari minakshi
2044,tannu saini
2045,shelender yadav
2046,sadhana devi
2047,virendra  singh
2048,gona bai
2049,pushpendra
2050,mali ram
2051,anayatha naidu
2052,phoolo passwan
2053,farmaan aamin
2054,reshama
2055,priyaki rav
2056,sanjay saini
2057,shankarlal
2058,miss sunita
2059,iram
2060,rambha
2061,manish kumar
2062,mul chand kumawat
2063,ramfare yadav
2064,hararat
2065,kumari praya
2066,shashi seni
2067,manjesh
2068,mukesh vaishnav
2069,mohd kamran
2070,kumari   bulbul
2071,rijwan
2072,nidhi jaysika
2073,rajnesh
2074,dhiraj
2075,naveen nischal
2076,sachin kumar sharma
2077,sanjeev sarkar
2078,seema verma
2079,geernish kumar
2080,kishmat
2081,smt shiya
2082,khadak singh
2083,danish ahmad
2084,kafia
2085,ramdev jha
2086,gagan
2087,akash sharma
2088,sunita rani
2089,kumari resham
2090,lal mohammed
2091,smt bharti devi
2092,maisan
2093,mukish kumar
2094,mohd arsad
2095,subhangi sadashiv jadhav
2096,hosiyarilal saini
2097,idrish
2098,dibya prakash gupta
2099,rabina
2100,preety malhotra
2101,amrita kashmira
2102,janwi chaudhary
2103,riya
2104,joy amal
2105,shiv pal
2106,rambhul
2107,nitu kumari
2108,iqrar
2109,pushpa rani
2110,kosalya
2111,keshav raj
2112,aaftab alam
2113,kaushal
2114,prabhudayal
2115,ku dolly
2116,ramkiashan
2117,libin lukkha
2118,maneeta
2119,ram dayal
2120,santosh pandey
2121,md shahid
2122,jamuna
2123,raveena
2124,dinesh yadav
2125,puspha
2126,ilyas
2127,pramod paswan
2128,foranti
2129,jasbir kaur
2130,sourav
2131,vikas kumar
2132,binder singh
2133,arshi bisht
2134,arpit avasthi
2135,kajal guta
2136,jebi khan
2137,bablu jagdish
2138,shakil ahmad
2139,naajim
2140,rakesh soni
2141,nareshpal
2142,lalit kumar
2143,prinka bhanshali
2144,tripti
2145,ajay chorasiya
2146,jyoti joshi
2147,smt natu kanwar
2148,emilia toppo
2149,shakina bano
2150,nirja
2151,bhuli merutha
2152,samiya meena
2153,nazrin
2154,sharjprit cour
2155,anurudh choudhary
2156,shyoram avatar
2157,deerendra singh
2158,nar singh
2159,kavita harijan
2160,viney parkash
2161,naseem
2162,kana ram
2163,kamaldeep
2164,manohar
2165,radhika
2166,sabir hussain
2167,banwari lal saini
2168,daaud
2169,jockyipai
2170,niti
2171,ram parvesh
2172,hemant
2173,kasid
2174,praveen
2175,vivek mohan arya
2176,sohel
2177,adalat mahto
2178,sital
2179,shahjad
2180,puran singh rawat
2181,birju
2182,ravi shankar
2183,moti lal
2184,sanjeev panday
2185,jakir
2186,nikita pahlwani
2187,balraj singh
2188,ramji
2189,saana
2190,surendera saini
2191,ashu
2192,bitto
2193,sarah thomson
2194,anjaly malpahariya
2195,dulal haldhar
2196,nitin verma
2197,sahdev tiwari
2198,manbhar bai
2199,srikant
2200,anurag chander
2201,sunil janu
2202,amir
2203,jai prakash kashyap
2204,imrana khatun
2205,sashikala
2206,rajaram nayak
2207,gunanidhi
2208,gyanendra
2209,gandharv mishra
2210,janid minjh
2211,gaitri devi
2212,dev kumar
2213,hasina
2214,rina rangaswami
2215,ranjeet
2216,santosh rani
2217,taran devi
2218,keshram
2219,gulab gameti
2220,shakir
2221,irshad
2222,shweta saxena
2223,ishwar ram
2224,simranjeet singh
2225,ashra kaushar
2226,gourav
2227,ram lakhan
2228,ruksin
2229,smt suman
2230,sania parveen
2231,ramesh megwal
2232,naeem khan
2233,rajender kumar sehgal
2234,selva raj
2235,sonam sania
2236,rupesh rathor
2237,upender khandelwal
2238,dinesh kumar aggarwal
2239,kapil sharma
2240,dhisa ram
2241,nidhi kumari
2242,rubiya
2243,meena kumari
2244,miss geeta salvi
2245,raju kumar
2246,ashwani saluja
2247,ravinder tyagi
2248,abhishek sharma
2249,dildar khan
2250,deepak ram
2251,bhanwar lal vesnav
2252,amar singh
2253,naryan singh
2254,fazaz khan
2255,bhalaram
2256,pardeep kumar mathur
2257,palvi sharma
2258,sajid
2259,ramesh chander
2260,chanderkala
2261,goldi chopra
2262,nurjaha
2263,megha arya
2264,satendra kumar
2265,shailja jakhmola
2266,javal singh
2267,chanchal kumari
2268,sushil gupta
2269,manoj kumar josi
2270,parul
2271,tapsya tyagi
2272,inder singh sawant
2273,satayanarayan
2274,sweta ksiyap
2275,tabassum urf mona
2276,ganesh jha
2277,chander shakher
2278,smt sushma
2279,subhodh
2280,smt lata devi
2281,jitendr
2282,menakshi with husband rohit with children krishna
2283,omprakash pandit
2284,rahul singh
2285,aarti bunkar
2286,shabreen
2287,krishan chand arora
2288,sona bai
2289,subash
2290,tanvir fatma
2291,satyam jha
2292,jitendra kumar
2293,satyanarayan soni
2294,aamina
2295,soni devi
2296,neelima
2297,dharmbir singh
2298,sabreen khatun
2299,shashank
2300,veera devi
2301,krashana
2302,shankar gupta
2303,vikash
2304,asha kashyap
2305,saurabh gupta
2306,sawan kumar
2307,leela daroga
2308,mohd shan
2309,sakal rai
2310,joyti
2311,md mustak
2312,kritika
2313,bhim singh
2314,bharat goel
2315,girish singh patwal
2316,shikha singh
2317,sibanaz
2318,prabhash yadav
2319,sanjay kewat
2320,monu bansal
2321,sanoj
2322,parem devi urf gothi
2323,mausam
2324,ruchi
2325,madhuri pal
2326,ruby kumari
2327,smt sajan kuwar
2328,gurprit
2329,chandru
2330,sarvesh kumar
2331,jasmen
2332,rashi aggarwal
2333,nihal singh
2334,mohd zaid
2335,rajnesh kumar
2336,saurabh pande
2337,joyti sharma
2338,km mohini
2339,suraj
2340,shankar verma
2341,akheelesh
2342,kranti devi
2343,lahida
2344,versha
2345,lalita bai
2346,ram vilas choudhary
2347,chotum karmokar
2348,parth madan
2349,smt sawtri
2350,seema murmu
2351,bindiya
2352,pramod
2353,sachin kumar
2354,mahesh jatav
2355,rinky
2356,bimlesh
2357,aashish gupta
2358,khushbu lohar
2359,maryam
2360,gulesta
2361,sona devi with a child krishna
2362,sudan ji
2363,tulki lauhar
2364,faran singh
2365,lav
2366,farukh
2367,merry kerakeha
2368,kamleshwar kumar
2369,kumari payal sharma
2370,deepa urf savitri
2371,tofik ahmed
2372,kewal
2373,reema rajpoot
2374,khushi  kumari
2375,damodar prasad
2376,sania
2377,mangal bind
2378,yashsvi sharma
2379,kamraan
2380,shil kherval
2381,prafhool pandey
2382,narpendra singh negi
2383,smt leela
2384,birmati devi
2385,nipun atnari
2386,aditya prasad
2387,jully
2388,bhanwar singh
2389,pardeep saini
2390,reema sharma
2391,jitender
2392,mohd mukeem
2393,guddu singh
2394,kanhaiya sharma
2395,sorabh aggarwal
2396,gori nandy
2397,balram gupta
2398,yogesh kumar
2399,babita singh
2400,md irfhan
2401,rituraj
2402,basant kumar
2403,rajina biwi
2404,kanchan balai
2405,fakerey alam
2406,dhani ram
2407,pawan saini
2408,prema devi
2409,krisana braman
2410,saveta
2411,chhedilal chaursiya
2412,menadevi
2413,manisha bhardwaj
2414,amarjeet
2415,deewan
2416,sahid khan
2417,vashisast
2418,ramesh meena
2419,mustafa mandal
2420,salaman
2421,pramila katara
2422,ashlam miya
2423,nitin kumar
2424,mohd sabbir
2425,anaji suman
2426,ram yadav
2427,smt kishan davi
2428,md salim
2429,sahi ram
2430,faujdar sharma
2431,sujanti
2432,manjusha
2433,smt kaushalya
2434,tapish  chorasiya
2435,mukesh jat
2436,nanveet kaur
2437,lekhram
2438,shanbhu lal
2439,sanjiv kumar
2440,anita kunwar
2441,rupender
2442,kashiram
2443,vipun kocher
2444,azaruddin
2445,maya kvr
2446,mehnaz azmi
2447,gopal kumhar
2448,sema devi
2449,sajjan
2450,mehronisha
2451,komal kohli
2452,satya prakesh malani
2453,dhurv solanky
2454,lashma devi
2455,durg parsad dikshit
2456,namra parvez
2457,roopam
2458,jai ram mandal
2459,ishwar singh aggarwal
2460,kaifiya siddaki
2461,shilly parveen
2462,smt maheswari
2463,satyvati
2464,mihir
2465,leela dhar narang
2466,rohit kumar
2467,deepak mittal
2468,kumari sumaila
2469,rajinder bhasin alias babbu
2470,pushkar koshik
2471,partik kumar
2472,jagdish lal
2473,brij raj
2474,dilip kumar bhattacharjee
2475,saalu
2476,hasina momin
2477,pratap singh
2478,jyoti gaba
2479,sonal seth
2480,rajendra
2481,nabav shekh
2482,mira devi
2483,kishnaram
2484,jhanjhariya
2485,sonali
2486,jagdish kaliya
2487,jafrin
2488,miss kalapana
2489,arsi praveen
2490,vipin kumar
2491,rimasha
2492,digvijay singh
2493,leela
2494,beena uraf meana
2495,nayana kumari
2496,bal bahadur kayanchhaki
2497,jahani
2498,arindra
2499,subhash
2500,shashi kant
2501,gulashan
2502,miss kamlesh
2503,munender pratap singh
2504,sonu berwa
2505,shiv prakash
2506,rohan singh
2507,sita ram
2508,seema jatav
2509,sweta kumari
2510,mohd haseef
2511,sumer malik
2512,smt ramila
2513,shikha rai
2514,ravi choudhary
2515,ganesh jat
2516,lakhwinder sharma
2517,roma
2518,hareshwar prasad
2519,raju meena
2520,priya gautam
2521,narendar
2522,vijaya devi
2523,hudi bai
2524,brij mohan
2525,raj kumar choudhry
2526,tiwankle
2527,rajani
2528,bulbul
2529,seva pati
2530,anand singh
2531,mata parsad
2532,wasim
2533,lakshya sharma
2534,laja
2535,shahid alam
2536,virpal
2537,manjoo
2538,jasmeet kour
2539,smt kamala
2540,jai shanker
2541,sonu rawat
2542,hansraj meena
2543,shanbhu dutt
2544,devdhari
2545,vahab
2546,rizwana khatun
2547,smt hury
2548,shamsher  singh
2549,ajeet kumar
2550,umma kumari
2551,gaurav gupta
2552,bantu devi
2553,aarti jain
2554,diwan singh
2555,sultana begum
2556,smt bhupendri
2557,shabbir
2558,sukenta
2559,yash garg
2560,nathuram
2561,deepak kumar
2562,yamuna
2563,satbir singh
2564,gurjit singh
2565,murari
2566,wali hadar
2567,mansi raghav
2568,yogesh shukla
2569,liveri santam
2570,vaibahv
2571,jinat
2572,vinit
2573,sukhbir
2574,shailesh tiwari
2575,mani
2576,sharmistha
2577,mithlesh kumar
2578,raghuveer singh
2579,monika panchal
2580,ranjeet kumar
2581,ravi sharma
2582,anjali sangwar
2583,noorjahan
2584,vivek paswan
2585,gladwin massey
2586,vijeta sexana
2587,baksi
2588,nanak chand
2589,smt haseena
2590,sabrina pewel hawell
2591,nar singh thakur
2592,shanah bano
2593,shobha ram
2594,dharma devi
2595,rajdev
2596,sandeep verma
2597,ashish
2598,bhagwana ram
2599,girdhari
2600,rajo baluram sansi
2601,gangajali devi
2602,pawan rana
2603,ram pyare
2604,sipra
2605,aashish kumar
2606,sabana khatoon
2607,sandhya mishara
2608,babu lal yadav
2609,mandira devi
2610,birender
2611,sonam kawar
2612,lavish kumar
2613,shakar
2614,km pooja
2615,sapna mandal
2616,ashiya
2617,lalita sharma
2618,smt lalita
2619,kishan lal kanojia
2620,suresh durg
2621,mohd gaffar
2622,saddam hussain
2623,isharar ahmed
2624,kavita
2625,kabid
2626,tulsi
2627,brajendra singh
2628,vikram kumar nayar
2629,naveen
2630,harish kumar
2631,chandrawati
2632,girraj
2633,sansaar singh
2634,gauri
2635,seema dangi
2636,nupur somi
2637,smt roma
2638,reshma khatoon
2639,bhura khan
2640,ramjanki bai
2641,pooja
2642,rena
2643,shohan singh soni
2644,puran chand
2645,ruchendra rana
2646,bidur mahat
2647,milap chand
2648,sant mahendra singh
2649,riyasat ali
2650,manosh yadav
2651,narendra singh
2652,anita kumari
2653,rajiya
2654,bansi lal
2655,perkash
2656,naval jha
2657,chaturbhuj
2658,sohan singh urf rupsingh
2659,mukul sharma
2660,payal jain
2661,ketan
2662,jaydurga
2663,pardeshi
2664,tulsi parashar
2665,meethu sarkar
2666,deepanshi jain
2667,imsaan
2668,bhagwati
2669,rikkenchi
2670,braj kumar
2671,anshiya mehta
2672,tajinder
2673,rabhida
2674,gul mohd
2675,tina
2676,suresh
2677,pooja gurjar
2678,sahana
2679,chameli
2680,dheeraj passi
2681,smt sharshwati kanwar
2682,zanmi
2683,ranjeet  kumar
2684,shilu
2685,kumar pal
2686,rucksana
2687,sna
2688,dinesh gupta
2689,gurpreet
2690,kanahiya soni
2691,sonika brahmin
2692,razia
2693,chottu shah
2694,gopal singh hada
2695,shikha gaud
2696,kumari sajida
2697,rozina khatun
2698,surendar
2699,aarav
2700,vishal chaudhary
2701,amarnath
2702,kum a akansha tyagi
2703,budhram
2704,hiramani
2705,imaman khatoon
2706,badrudeen
2707,deepan dev
2708,yash mittal
2709,devkran
2710,job pulikotin
2711,sagar
2712,kailashi devi
2713,sandeep kapoor
2714,ramila bai
2715,sanjay bansal
2716,malkeet
2717,yasmin banu
2718,vijendra singh rajawat
2719,govind kunwar
2720,saidul
2721,bhatri
2722,sapna rawat
2723,pampa mukharji
2724,susmita
2725,chhotu harijan
2726,megh singh
2727,chaman parkash
2728,afzal
2729,shani
2730,barkat ali
2731,gulafshan
2732,sonali haldar
2733,raju verma
2734,shree prakash garg
2735,shabnur
2736,kunal
2737,kishor ahuja
2738,gulam sakhar
2739,arati
2740,sulekha kumari
2741,bachu kak
2742,naman kaushik
2743,gantantra mittal
2744,gul afshan
2745,midda
2746,noornabi
2747,raghubir singh
2748,suraj kumari
2749,ramkishan gupta
2750,upender yadav
2751,gurvinder kaur
2752,pankaj dhiman
2753,smt ishawari
2754,nitika
2755,vijay bahadur
2756,bhagwati lal jat
2757,smt rita
2758,santoshi
2759,ajay saine
2760,hiri bai
2761,sumit bainsla
2762,namita
2763,dharma ram
2764,faraha khan
2765,kumari khusbu singh
2766,radha kishan  yadav
2767,ambika gupta
2768,neetu sharma
2769,saaniya
2770,sarda
2771,kashish
2772,ruksana bi
2773,saksham
2774,khushboo khan
2775,gappu
2776,umakant tiwari
2777,metily ritayard sonu sharma
2778,rakhi chauhan
2779,dipika chaturvedi
2780,madho
2781,premo devi
2782,ranjit singh
2783,shobha bano
2784,priyanka mandal
2785,khushnudi begum
2786,aasha rani
2787,reena gupta
2788,rihana khatoon
2789,kranti
2790,smt meera devi bawri
2791,kum  mamta
2792,priya kumar
2793,hardeep singh
2794,pawan kumar gupta
2795,musrat
2796,pintu
2797,rajkarnta
2798,amir khan
2799,shanti bandiya
2800,jareena
2801,abhay papnoi
2802,karma yadav
2803,pritika
2804,fija khan
2805,keshav bhati
2806,abdul rahman
2807,hansa
2808,smt shayma
2809,virwanti
2810,viresh
2811,ikbal
2812,kisori lal
2813,amarchand
2814,badri meena
2815,guruvachan singh
2816,mujaffar
2817,laltes
2818,chand mohhamad
2819,dharmender sahu
2820,sunita urf sonu
2821,hemlata pathak
2822,smt parmila
2823,avdhesh kumar
2824,ram lal dangi
2825,smt indra
2826,samsudin
2827,vikki
2828,minakshi sharma
2829,divya rani
2830,karan kumar khatik
2831,mohd ashim
2832,shkundla devi
2833,pushpendr
2834,radha devi
2835,narain dass khurana
2836,satnam kaur
2837,dinesh  mishra
2838,anuj gupta
2839,shri subhash chand
2840,laliya
2841,madina
2842,lokendra pal singh
2843,silpi kumari
2844,rohini kashyap
2845,reena
2846,harish uniyal
2847,punni devi
2848,pappu
2849,nisha devi
2850,jamna devi
2851,salu
2852,dhuruv shetty
2853,satender dass
2854,rahul pandey
2855,sabeeha  khatun
2856,manohar kumar
2857,varun anand
2858,rambai
2859,krishna bhatt
2860,raj shri
2861,minakumari
2862,bebi devi
2863,jainab
2864,meenakshi sharma
2865,meena kanwar rajput
2866,shubankar
2867,rebecca xavier
2868,alok singh
2869,abhishekh
2870,priya gahlot
2871,pramatma pandey
2872,gyarsi devi
2873,jasveer singh
2874,abdul hamid
2875,amit mohan jha
2876,bhanweri
2877,poonam yadav
2878,kusum meena
2879,suneeta
2880,partibha
2881,lakhmi chand
2882,mayank pandey
2883,bobi
2884,nency
2885,laxmi divi
2886,kashi v
2887,pyar mohmad
2888,joni
2889,niranjan
2890,noomi firdos
2891,hailena
2892,kumari sonu
2893,phool kumari
2894,panchoo bhahi
2895,jasiram
2896,manikchand
2897,tulsi  kumari
2898,shatish kumar
2899,phooli devi
2900,rahul shrivastav
2901,krish
2902,dharmpal
2903,atul verma
2904,parsi devi
2905,rekha kanwar
2906,anekha kumari
2907,manju jha
2908,rachnu
2909,sheelu lata sahu
2910,anjali nagpal
2911,ritu raj
2912,ashif ali
2913,jugal kishor chouhan
2914,vijay pal sani
2915,ujjawal upadhyay
2916,bachcha ram singh
2917,sumit chakarwarti
2918,kanchn
2919,sanju
2920,raghav sharma
2921,prem ballabh
2922,aman mandal
2923,giriraj
2924,asrf
2925,chotti jha
2926,rahul tiwari
2927,har prit kor
2928,neelam rani
2929,birbal
2930,sunil garg
2931,randhir singh parmar
2932,jeenat
2933,amir soyal
2934,anmol
2935,kalu lal khatik
2936,mamita
2937,suraiya
2938,koyali
2939,tohir
2940,akash gupta
2941,shyam verma
2942,kumari endra chand
2943,preeti kumari
2944,shabanm
2945,salmi
2946,shobha devi
2947,kumari jahida
2948,komal jaiswal
2949,lalit
2950,chander kanta
2951,virender bhatia
2952,barj bhusan
2953,anuj tiwari
2954,diwansi
2955,sunita pancholi
2956,nilesh
2957,chandra mukhi
2958,rajkali
2959,riyasat
2960,himashu chabra
2961,deeya kumari
2962,dixya kanwar
2963,ram lal bhardwaj
2964,smt  kanchan devi
2965,shamima
2966,md sokat
2967,hari lal
2968,mamini
2969,vipulander
2970,nitu pipliwal
2971,pabu devi
2972,subham jain
2973,prinka jha
2974,aashi
2975,tuka ram
2976,dishant kumar nigam
2977,sundar
2978,murti anuragi
2979,beby
2980,sarita sharma
2981,sorabh
2982,ilma
2983,sanjeev bhardwaj
2984,rupa saini
2985,kamlesh kumari
2986,indu
2987,abdul hassan
2988,sahajad
2989,bindiya kumari
2990,jamil ahmed
2991,subhash lal
2992,trilok chand
2993,gorav chandra
2994,bandani
2995,pooja jayshwal
2996,md noori
2997,chanda kumari
2998,md sahid
2999,kiran or vikram
3000,rajo dalal
3001,selars
3002,abhi
3003,anuj kaushik
3004,sudhdev
3005,vikesh kumar
3006,norti
3007,dhram raj
3008,amrit kujur
3009,neha chopra
3010,jagan nath
3011,mohd faijan
3012,rajeev
3013,sankar gupta
3014,parmjeet rai
3015,pankaj singh negi
3016,hari chand
3017,gjender
3018,partap singh
3019,rita rani
3020,diwakar sinha
3021,sandeep saini
3022,jamila
3023,adityalok singh
3024,kiran mala
3025,gurlal
3026,vijaypal singh
3027,ruksar
3028,bhuri singh
3029,deepak maan
3030,kiran pande
3031,dhananjay singh
3032,balbir
3033,shankar lal meena
3034,bhanu pratap singh
3035,vinod kesri
3036,indra megwal
3037,man mohan aggarwal
3038,harish rahman
3039,dinesh singh
3040,ravinder mandal
3041,kailash
3042,sohib
3043,sehbaj khan
3044,pramjeet
3045,jasvinder kaur
3046,hukam singh
3047,maksood mohd
3048,shahera
3049,pushpendra singh rathore
3050,binita
3051,azad ali
3052,manjeet singh
3053,nagma parveen
3054,sultan singh
3055,raj pal
3056,ramesh tiwari
3057,junl ansari
3058,farjana siddaqi
3059,bhavisaya rai choudhry
3060,raspal
3061,shulekha
3062,narayan rawat
3063,prem nath pandey
3064,julee
3065,raj kumar
3066,vinod sehgal
3067,ashok shrivastav
3068,mayur agarwal
3069,shaila
3070,chetan
3071,rubi
3072,smt kanchan
3073,harib
3074,mukhtar
3075,maya kumari
3076,taslima
3077,hare krishana mishra
3078,vipin kumar panday
3079,vandana sharma
3080,usha nagar
3081,trilock chand
3082,jashgul kaur
3083,geeta rani
3084,smt munna kumari
3085,akram
3086,dipa bai
3087,tushal bhandri
3088,deeraj
3089,suraj paswan
3090,pooja pal
3091,aman dahiya
3092,vijayanta
3093,anand chauhan
3094,ramswroop
3095,priyanka dhama
3096,divy
3097,smt vinod devi
3098,natasha bhan
3099,sarwan kumar
3100,indra meena
3101,manesh chadda
3102,mohd nazeer
3103,shish pal
3104,momena khatun
3105,ragina
3106,suraj sahay sharma
3107,sandeep rawat
3108,santosh uppadhya
3109,dauji
3110,abdul ananula khan
3111,bhawana sharma
3112,om parkash ahuja
3113,khushboo
3114,gafur
3115,arman
3116,nosar
3117,samsuddin
3118,puja salvi
3119,manjit singh
3120,mithlesh kumari
3121,mohit
3122,roshan bai
3123,kanwar pal
3124,rajpal bhatiya
3125,sumit rathi
3126,chandan adiwasi
3127,pooja soni
3128,sh reddy ashraiya
3129,roop basant meena
3130,deepka
3131,prakash chand
3132,mokida
3133,farha
3134,lalita choudhry
3135,baban tiwari
3136,halke
3137,jasveer kour
3138,shadna
3139,chetan porwal
3140,mohd nawab
3141,sazia
3142,utkarsh jha
3143,parmita ray
3144,diksha rana
3145,suhail
3146,narayan parsad bhushal
3147,razida khatoon
3148,mithi urf mamta
3149,komal berwal
3150,veer bhan
3151,deepanker
3152,sadik
3153,snah lata
3154,chander pal
3155,seeta behen
3156,deepu kumar
3157,sugna
3158,dharmendra kumar
3159,sonam bano
3160,aswin
3161,ajay negi
3162,gufran
3163,saud
3164,sifa
3165,asif dilkar alam
3166,avinash
3167,vivek shokeen
3168,smt sanju
3169,smt shimla
3170,bhavna oad
3171,kumari bharti
3172,rakesh sarkar
3173,balram singh
3174,kouchu
3175,b r john
3176,dalpat singh
3177,ramchandra od
3178,priti rawat
3179,hayatul
3180,shabila
3181,bhavna makwana
3182,bhart kumar
3183,nasira bano
3184,balbir singh
3185,ram rati
3186,farah
3187,dilip kumar tanwar
3188,md rahmat ali
3189,himanshu praser
3190,biram lal chamar
3191,ballu
3192,sushree durga bai
3193,kumari himanshi
3194,inderjeet kour
3195,jagnath murmu
3196,kuparth shah
3197,reeta
3198,rohit verma
3199,chote khan
3200,nathulal
3201,akkash
3202,kalpeshwari devi
3203,rampal
3204,mithlesh yadav
3205,anish bansal
3206,smt rinki
3207,abhishiek swami
3208,rajneesh bairwa
3209,patric meter
3210,jay narayan
3211,shiraj
3212,ravina kumari
3213,maan singh
3214,sushant
3215,velaram
3216,shokar khan
3217,satish kumar meena
3218,anupuma
3219,smt haju
3220,najim urf babbu
3221,sohan lal
3222,sakshi
3223,shrimati harkali
3224,manisha kumari
3225,shiwani
3226,ajay sadana
3227,anuraj
3228,daya anand
3229,sajida
3230,nanshi
3231,poonam rai
3232,pallvi
3233,smt aruna
3234,mainka kumari
3235,nayaka rahman
3236,roopa devi
3237,sandeep dhaka
3238,gulshan jha
3239,jitender agarwal
3240,asha nand
3241,sarip ahmad
3242,khooshboo
3243,aagand
3244,gaurav tyagi
3245,tuba fatima
3246,susanto dass
3247,raziya jano
3248,neeraj kalra
3249,shahnaz begum
3250,nitu
3251,p ramkumar
3252,dalip shah
3253,lakhvinder singh
3254,ramesh chander gupta
3255,smt  alka rani
3256,muzim shah
3257,pooja chaudhry
3258,saista
3259,rajan kumar
3260,kajol
3261,bacche singh
3262,jaslin
3263,deepali with mother poonam
3264,soni khati
3265,girish chandra
3266,javed siafi
3267,kalavati
3268,nimla sharama
3269,dipali
3270,smt kusumlatta
3271,arjun ram
3272,jai kishan
3273,priya sexena
3274,hari singh
3275,jitender gupta
3276,mamta meena
3277,mohammad shahid
3278,hari shankar
3279,rabpreet singh
3280,smt pooja
3281,munni devi
3282,darkash
3283,resham talwar
3284,poojadevi
3285,sunil chopra
3286,lasar
3287,peenu
3288,pryinka
3289,nooreen aarsi
3290,soni soran
3291,jayada
3292,kumare  dali
3293,purnima
3294,laxman mehtu
3295,adan
3296,aatif
3297,vipin thakur
3298,gurpreet kaur
3299,ruksana khatoon
3300,ishrana
3301,gurmel kour
3302,koslya
3303,bhauk tyagi
3304,rohit  kumar
3305,kirshan
3306,nayna
3307,vivek chabra
3308,asana
3309,aalina
3310,gobind hazra
3311,farmaan khan
3312,bavita
3313,sahun
3314,foranta
3315,gyan prakash
3316,viccky
3317,satnosh
3318,mazida
3319,bhuri vishnaw
3320,suman chaudhary
3321,savita
3322,resmi jat
3323,tarawati
3324,mohd khairul
3325,najre alam
3326,viplo sardar
3327,salma biwi
3328,arbaj
3329,nanak chandu
3330,sanjeev sharma
3331,rupa devi
3332,meenu kumar
3333,muntiyaj
3334,khurshida bano
3335,daya nand
3336,monupal
3337,raman rajak
3338,miss pramila
3339,victor singlai
3340,chandra shekar
3341,sumit raghav
3342,bhavesh penuli
3343,mariya
3344,nirwat
3345,pooja mahli
3346,birjesh kumar
3347,pyarelal
3348,numesh kumar
3349,rajkumari
3350,anil  kumar
3351,bhhatu
3352,mahima aggarwal
3353,kohinoor
3354,nagender
3355,shabuddin shah
3356,vibhuti shyamal
3357,pardeep mohauti
3358,montu verma
3359,rajeev luka
3360,pushpa soni
3361,santosh kumar dube
3362,saksi sharma
3363,abdul kadir jilani khan
3364,afsar khan
3365,abhaki
3366,vinod kumar
3367,sanni
3368,sareen bano
3369,vandita
3370,mamu ram
3371,manish goyal
3372,ali
3373,raisuddin
3374,prakash lal gupta
3375,soma
3376,shanty mandal
3377,daksh
3378,navneet
3379,ghansyam kuswah
3380,kumari vinita
3381,monu agrwal
3382,harmani
3383,urmila thauri
3384,khajan singh
3385,piryanka
3386,kripya minch
3387,bholi
3388,mohak kaul
3389,kumari hirawati
3390,aarifa bano
3391,uday partap
3392,seema sinha
3393,bhanwar lal
3394,shrimati shahida urf satto
3395,rafeddin
3396,humera
3397,kesavi devi
3398,ganesh
3399,reena with pooja and kishan
3400,sachin chauhan
3401,razim
3402,gyanwati
3403,babita negi
3404,aalam
3405,jigar
3406,bharat bhushan koushik
3407,salma bano
3408,pushpa hatwal
3409,disha
3410,yashdhra
3411,amart mewada
3412,gori
3413,shravani shah
3414,ankush sharma
3415,priyanka das
3416,shampa
3417,satish
3418,vikrant
3419,jaideep
3420,rubina jahan
3421,begumpur malviya nagar delhi
3422,sitar singh
3423,ram lagan singh
3424,chandra bhan
3425,ravindra singh kandari
3426,sukhdevi
3427,jaspal singh
3428,priti sagar
3429,tarun sharma
3430,basanti baiya
3431,lakhan bajadur
3432,avfesh
3433,sher singh
3434,phakir  chand
3435,shivam kosik
3436,deepali
3437,same singh
3438,vipin gujral
3439,naresh singh
3440,vishal tomar
3441,neha kumari
3442,binu
3443,himansu garg
3444,bhorelal
3445,pinku devi with daughter mansi kumari
3446,mamchand
3447,nazirul
3448,suchita marki
3449,pratul chatarjee
3450,girraj nath
3451,sanjana
3452,karuna
3453,sayna parveen
3454,dayaram
3455,zahid
3456,varun mandal
3457,suman kumari
3458,nawab ali
3459,jagat singh
3460,chandra kanta saini
3461,sushma devi
3462,rudra pratap
3463,bhure
3464,raj kishore
3465,rakesh
3466,surekha bairagi
3467,karan singh
3468,kiran thapa
3469,chand tara
3470,sayada
3471,naina kaushik
3472,surendra
3473,manak rebari
3474,ramdulari
3475,sushri manju
3476,kavita kumari
3477,dushyant kumar
3478,manish kandlr
3479,kanhiya sukla
3480,pramod mehto
3481,sumitra bai
3482,gajla
3483,prem devi
3484,anshuman jha
3485,bhanvar singh
3486,anju
3487,prabhjot kaur
3488,aishe banu
3489,onginye gift okofor
3490,sujata
3491,arjun sharma
3492,vikash pandy
3493,ct sandeep singh
3494,hanif khan
3495,layman paswan
3496,raju
3497,ramvihar chorsiya
3498,sunder jha
3499,lakky
3500,mis pushpa rajput
3501,sonu dhakad
3502,sithal
3503,zareena
3504,vanshu
3505,naval bai
3506,sudesh
3507,nathi bai
3508,nepal
3509,pawan jangir
3510,anoop rawat
3511,bebi
3512,harsha
3513,nahani kanwar
3514,adhish kumar
3515,chunni
3516,bhupender kumar
3517,mansur malik
3518,andhav
3519,khangara ram
3520,kumari puja
3521,injmam akhtar
3522,alita kujur
3523,supriya
3524,pragati singh
3525,soma bera
3526,manish kumar sharma
3527,laxman kumar
3528,prankur dobhal or  monu
3529,saira bano
3530,shalu rathore
3531,ganpat
3532,noorin
3533,sisty
3534,affan
3535,km sarika  kothari
3536,shadiya
3537,mohseena
3538,chandki ram
3539,ishrat khatoon
3540,rijwana
3541,harsh singhal
3542,sunder bai
3543,gopi chand jain
3544,rajat maheshwari
3545,anjan kumar sharma
3546,smt mota
3547,shreee mahaverr prasad
3548,sarvash prashad
3549,kumari talat aara
3550,vikram dubey
3551,smt ritu devi
3552,devender puri
3553,ambiya
3554,jhunna bai
3555,ram ldaike
3556,tahir
3557,rajeev singh
3558,kajul choudhry
3559,ravinder bahadur
3560,abhishek mishra
3561,amrit patel
3562,rakesh gupta
3563,smt taravaati
3564,rudmal
3565,brijnandan mehato
3566,dila
3567,punam
3568,kalu
3569,sanju urf sanjya
3570,islamudin
3571,mangla devi
3572,mukul
3573,hazara
3574,rishabh kumar
3575,munbura bibi
3576,kartika
3577,md aagad
3578,chorag
3579,sama parveen
3580,yoginder
3581,kumari sahista
3582,aluddin hushen
3583,farid khan
3584,minakshi purohit
3585,balraj
3586,reekha
3587,gopal dhakad
3588,smt sushma devi
3589,meela devi
3590,vinay kumar bansal
3591,vashu
3592,anurudh
3593,mandeep kour
3594,faimuddin
3595,smt leela kunwar
3596,parveen aggarwal
3597,ram lata
3598,mahboob
3599,abrar
3600,hanuman
3601,ravi tiwari
3602,smt shakuntala
3603,rajina
3604,dharmshila
3605,tara kanwar
3606,sanjay kumar
3607,ghanshyam kushwah
3608,prashant kumar
3609,anuj sharma
3610,usha damor
3611,mangla urf mangi bai
3612,satpal chauhan
3613,kumari anju rawat
3614,smt radha devi
3615,kaamini
3616,parashram
3617,simran dhawan
3618,bitto kumar
3619,tasveeran
3620,rajesh anand
3621,smt seta devi
3622,poma ram
3623,karishan
3624,pritee
3625,keshav kumar
3626,sarik
3627,ali hussain
3628,ajaj ahmad
3629,tuka ram maruti ghonde
3630,harishchandr
3631,rohit rawat
3632,rukiya khan
3633,savita jha
3634,lalit mohan rawat
3635,jyoti kumari
3636,sazmin
3637,omender
3638,alis
3639,basanti devi
3640,rishab
3641,rajesh kalia
3642,garsh
3643,sonu devi
3644,kajal choudhary
3645,gulfam saifi
3646,pinki  kumari
3647,ram naresh
3648,kirtiman
3649,jeeth p k
3650,jay bhagwan
3651,kamni
3652,harsh verma
3653,imtiyaz
3654,mrs soni
3655,amit kumar jaina
3656,begraj
3657,sunilrawat
3658,ramsagar maheto
3659,chetram
3660,saveroon
3661,sharmila
3662,lakhya dona sherppa
3663,limca
3664,yasodha
3665,mohit bedi
3666,nitin dixit
3667,nikita senger
3668,sandhya
3669,jayshing
3670,kamla devi
3671,tanvir ahmad
3672,pritam
3673,neelam
3674,deepika burt
3675,omparkash
3676,kamrudeen
3677,jafar ali
3678,phulkana
3679,abdul samad
3680,shankri meena
3681,bindu
3682,pavan kumar aggarwal
3683,mamta bai
3684,gopiram atal
3685,sachidanand
3686,pushpa
3687,smt maharaj
3688,malika
3689,mohammad ishtiaque ahmad
3690,swati singh
3691,barti
3692,shriram asre gupta
3693,iqram
3694,reemi sarkar
3695,bunda ram
3696,jagdish kalra
3697,netrapal
3698,aman bharat
3699,ashish yadav
3700,divakar sharma
3701,sahjad
3702,archana  sharma
3703,sana fatma
3704,arham hussain
3705,anju devi
3706,sano devi
3707,roshan
3708,moka
3709,bhojaram
3710,sahana praveen
3711,usha
3712,rahul verma
3713,mhoomad sakir
3714,jishant
3715,ram bhrose
3716,jitendra gayri
3717,govind prasad shahu
3718,kanika kathuria
3719,bhemji patidar
3720,rocky mehto
3721,sandeep
3722,liyakat ali
3723,ram kumar
3724,pooja pandey
3725,sundeep kumar singh
3726,rajni kanwar
3727,vishal mishra
3728,dashrath
3729,puskar singh dhami
3730,chander mani
3731,gyatri
3732,shri ram narayan dass
3733,prem lata
3734,salin malhotra
3735,shima kawar
3736,rana partap ahuja
3737,bikram
3738,chela ram
3739,smt maya megwal
3740,mohd sajad ali
3741,parmod kumar
3742,deepak yadav
3743,mahendra salani
3744,puspa mintiz
3745,jina
3746,roshan ram
3747,raghbir
3748,shakeela begum
3749,gopal krishan
3750,manoj kaushik
3751,sateesh
3752,vimlesh kumar
3753,kumari nagma
3754,mukesh gujjar
3755,pritika  kumawat
3756,ravi chandra natarajan
3757,valentina anglika
3758,mosmi sekh
3759,ishawar singh
3760,saroj devi
3761,kalyani patro
3762,surjeet singh banjara
3763,smt parwati devi
3764,suneel kumar
3765,aditya arya
3766,rakesh kumar  bhardwas
3767,raman dixit
3768,shahzadi
3769,ganesh kainee
3770,ashok jarwal
3771,sunil kansal
3772,bhudhi prakash gahlot
3773,ravi dutt
3774,neha suman
3775,ganga devi
3776,vude bhadur
3777,mohit  thakur
3778,ankit garg
3779,ankala praveen
3780,jitender kumar
3781,shahnaj
3782,subhash sharma
3783,roshni kumari
3784,vineta kunwar
3785,smt mina
3786,shrimati maya devi
3787,ramakant
3788,nanka bhil
3789,vidhya devi
3790,gajala parveen
3791,mahnatha sahni
3792,nano sabroon khan
3793,guddibai
3794,vinod dass
3795,dinesh kumari
3796,vinay kumar upadhayay
3797,prinsh
3798,sunita rana
3799,rani bakhla
3800,arsh
3801,kamalkishore
3802,shayam kumar
3803,munna lal jain
3804,kavita bai
3805,chajju singh
3806,pinki mishra
3807,shashi pandit
3808,smt sarita
3809,pradeep rawat
3810,pinki gupta
3811,nazim
3812,roop singh
3813,bindu devi mehra
3814,babar ali khan
3815,deepika jain
3816,arti
3817,gulab singh
3818,shiva
3819,ravi gupta
3820,heera singh
3821,km ujama khatun
3822,sahdev
3823,arshad khan
3824,ramjeet thaukar
3825,fahija
3826,rehmat
3827,smt renu kanwer
3828,ram naresh yadav
3829,samim malik
3830,madan mohan
3831,raj a
3832,sharuna
3833,karan bajaj
3834,smt bina devi
3835,rajish
3836,jiya batra
3837,rupanjali patiri
3838,ramsurat
3839,anshum
3840,rajiv kumar
3841,madan singh
3842,lakshmi devi
3843,jaspreet kaur
3844,mohd akil
3845,kumari rekha
3846,chetana
3847,ashok kumar rawat
3848,shaikh ajamat
3849,lalu
3850,lakhbir kaur
3851,rajeev sharma
3852,aakash dabral
3853,baijnath thakur
3854,jharna
3855,shyam kumar
3856,ajit
3857,perdeep
3858,parmo kumar jain
3859,pawan meghwal
3860,ramgopal singh
3861,naitik
3862,abhinav mittal
3863,sonu yadav
3864,soni kumari
3865,meghashayam  sharma
3866,upender choudhry
3867,sanjeet
3868,tasnim firoz
3869,km arti
3870,devanand tripathi
3871,shobha wati
3872,neemi
3873,panchma
3874,bharat nirvan
3875,asmat
3876,smt dhapu
3877,sweta anand
3878,smt channu bansada
3879,aasu
3880,shahbuddin
3881,dev nanden choudhary
3882,avdesh kumar
3883,kajal saini
3884,preeti gupta
3885,kumari mona
3886,mohammad gazi khan
3887,chandan tivari
3888,ct sandeep
3889,sahira
3890,richa tyagi
3891,amit kumar nagpal
3892,shaulal
3893,dipu sharma
3894,chandra pal
3895,harpal singh
3896,geet
3897,salauddin
3898,boby farman
3899,sahnaz
3900,yogita
3901,dhanraj sharma
3902,bhagirath
3903,amba lal
3904,inderpal
3905,sumemtra
3906,rani shrivastav
3907,sohan singh
3908,jony
3909,subhash nimbolkar
3910,payal kumari jain
3911,mukesh kanwar
3912,kailash kumar
3913,smt babita
3914,rahul nath joshi
3915,anita alongwith her child prince
3916,smt savita
3917,sunita kumawat
3918,laxmi sharma
3919,jahirul nisha
3920,bhagat singh
3921,kishan sharma
3922,neelam kaur
3923,smt maya balai
3924,mohan lal
3925,krishma tomar
3926,sumit tiwari
3927,subham krishna
3928,ashok jain
3929,sehran nisha
3930,mithu sarkar
3931,bipin
3932,kuldeep gupta
3933,anil kumar sahu
3934,navnit garg
3935,afsar alam
3936,smt hina
3937,ravina
3938,dariya kanwar
3939,fozia
3940,yasin
3941,harsh vardhan sharma
3942,rubina
3943,shyam bodha
3944,jeetu gautam
3945,sundari
3946,shambhu
3947,ayushi sharma
3948,mamta bhandari
3949,tajrani
3950,dhirender singh ravat
3951,himanshee
3952,jairam singh yadav
3953,jasvinder kour
3954,jagmohan gupta
3955,sushma rana
3956,rajnish dev
3957,sanjay sharma
3958,gyarsi lal
3959,kum savitri
3960,smt deepanshi
3961,pushpa thapa
3962,sunil yadav
3963,sangeeta kumari
3964,miss sushila kumari
3965,swami nath
3966,deshraj
3967,vaishali
3968,nisha parveen
3969,ramrati
3970,km asha
3971,smt punam
3972,jagviri
3973,najma khatun
3974,dhrampla
3975,dhan bahadur
3976,lal babu
3977,kumari sima rawat
3978,nirbhay tiwari
3979,charu
3980,smt kali
3981,amar
3982,mohd kashif
3983,buddhi singh
3984,ramjas
3985,konti bai meena
3986,rantesh
3987,rajinder singh
3988,soona bai
3989,sahid
3990,sumit singh
3991,farhanaaz
3992,satender kumar
3993,khairti lal
3994,twinkal
3995,kumari khalida
3996,ratna vati sahu
3997,harji
3998,sanny kumar
3999,hasir
4000,madan lal
4001,pinttu
4002,shkil khan
4003,miss leela  purohit
4004,vinod devi
4005,murari lal maharaj
4006,boby kumar yadav
4007,babbu singh
4008,sarjaha
4009,sirish
4010,vandana kumari
4011,rohtash saini
4012,santosh
4013,nakched parsad
4014,lakhua
4015,jeevanlata tuddu
4016,sitare
4017,anoop
4018,rajender nath
4019,vikash mirdha
4020,mohit nautiyal
4021,chotu
4022,md imtiyaz
4023,riju
4024,rajrani
4025,b vikjay kumar
4026,leena rai
4027,km barkha
4028,nazia khan
4029,pradeep kumar
4030,smt santna
4031,jyoti shahu
4032,vikram jha
4033,aakash chaudhary
4034,ahmed hussain
4035,mangi ram singh
4036,sweety
4037,ravinder
4038,rita gupta
4039,baby
4040,mrs nanki
4041,ritik
4042,radhey shyam
4043,jenab parvin
4044,phol kumari
4045,sidharth
4046,sohan singh rawat
4047,rajbir ahlawat
4048,aarti kloshiya
4049,vasa ram
4050,praveen kumar
4051,ramaiya
4052,radhika jain
4053,afridi
4054,suminder
4055,santi devi
4056,purnima ghose
4057,satender
4058,jyotsana mohti
4059,sonia tiwari
4060,bhag chand
4061,shahnaz khatum
4062,jankraj sharma
4063,ragini
4064,devinder
4065,momina khatun
4066,akhil kumar
4067,koshalya
4068,kumari minu
4069,chunnu
4070,sheeak azzul hak rahaman
4071,savita  devi
4072,raja ravidas
4073,makan singh
4074,vishnu
4075,dolat singh
4076,mittopuri
4077,mitlesh
4078,hrithik
4079,md afjal
4080,harpreet kaur
4081,sant lal
4082,sunil ladkani
4083,rahul pratap
4084,rada bai
4085,parmod sharma
4086,rajesh kumar gupta
4087,bupal
4088,inder dev
4089,simmi
4090,parmod
4091,sugandha thakor
4092,ziyabul
4093,mohit singh
4094,navin kumpawat
4095,sonu
4096,arun sangwan
4097,mohsin khan
4098,irfan mohmmad
4099,sunita rai
4100,arun yadav
4101,raja rawat
4102,phulbi
4103,sahishta
4104,km dipali
4105,najrana
4106,jasveen
4107,golden
4108,tarun suyal
4109,urmila devi
4110,vinayak
4111,prahlad sharma
4112,arun kumar tiwari
4113,laxman rao
4114,mahesh kumar
4115,surjit
4116,naisi ram
4117,ashok rai
4118,bhagwan das
4119,aslam ali
4120,suchit jain
4121,sukhdev manjhi
4122,spana
4123,ramji lal
4124,pavan
4125,sumita devi
4126,rada sharn
4127,jamad ali
4128,chandan ram
4129,idrish ali
4130,suman sharma
4131,rukhsana khatun
4132,dharamender
4133,premi devi
4134,rajesh ram
4135,shikha kumari
4136,seema setiya
4137,priti yadav
4138,arpit aroda
4139,kishan singh
4140,kumari neha
4141,sanjay jain
4142,ravindar
4143,anita garg
4144,deepa kumari
4145,rekha kumari
4146,gawali pandharinath yadav
4147,gulam rashul
4148,sashi mittal
4149,manoj mahto
4150,neelu
4151,shakuntala devi
4152,rajenderi
4153,shekh nasir husain
4154,lalit singh bisht
4155,smt smradhi tyagi
4156,ramu
4157,kishor negi
4158,puneeta
4159,azad
4160,samreen khatun
4161,kashiv
4162,seeta bai
4163,ashish vajpay
4164,chotibai
4165,patav
4166,km priya
4167,saima
4168,budh rai
4169,parven
4170,tikaram
4171,fareen
4172,vakila
4173,moni
4174,shyam lal chawla
4175,simran bhishat
4176,shumita
4177,sundeep kumar
4178,rustam
4179,rita devi
4180,kirshan pal
4181,lal prasad narala
4182,bharti kumari
4183,pooja jonwal
4184,gursimaran singh
4185,pinky verma
4186,taj b
4187,neha goswami
4188,newal kishor
4189,nitin  or rohit
4190,amit pande
4191,shallu
4192,uday
4193,kumari priyanka
4194,prinkya ragav
4195,preyank
4196,pooja panwar
4197,pari mohmad
4198,dheeraj joshi
4199,piyush kalra
4200,sundri
4201,sohni
4202,smt saraswati devi
4203,sahista
4204,bachhu singh
4205,kiran pal
4206,smt girjesh
4207,atish raj
4208,pankaj kumar
4209,ramlakhan yadav
4210,surajbhan
4211,bhawani shankar
4212,jayuti soni
4213,sanam lohar
4214,salmakhatun
4215,aadil sefi
4216,kumari parvinn
4217,mukesh chand chaturvedi
4218,chanderkali
4219,mohd asraf ansari
4220,pramod choudhary
4221,govind patel
4222,annu devi
4223,javade
4224,mukesh gurjar
4225,gendi bai
4226,dinesh tyagi
4227,kumar anand
4228,gruchran singh
4229,ramtek
4230,har parsad
4231,chitrangan dass
4232,keshav
4233,moti devi
4234,raj
4235,bimla devi
4236,molu
4237,miss sima
4238,nirmal
4239,abhinav vashishat
4240,akkni
4241,gudia
4242,bhagwati prasad
4243,phoolwati
4244,neetu devi
4245,ashutosh kumar
4246,gulab bano
4247,sauni khatoon
4248,faaija
4249,anish
4250,mustkeem ali
4251,payal goyala
4252,hiri
4253,pradep kumar
4254,smt laxmi urf gudiya
4255,shushil
4256,hukamchand
4257,rani singh
4258,saket
4259,urmila  rawat
4260,dular
4261,hajrati
4262,sanni singh
4263,sutiya
4264,malika biwi
4265,jalsingh
4266,manvi
4267,vinod gupta
4268,jagdish prasad
4269,mehboob mehandi
4270,smt meena devi
4271,vikrant singh
4272,nena
4273,bhuri devi
4274,veena ben damor
4275,dhansinghpuri
4276,parul devi
4277,mamanbai
4278,shri puran singh rawat
4279,sahib saran
4280,piyush anand
4281,aditya som
4282,prasant tiwari
4283,soma mandal
4284,karishma devi
4285,manish lamba
4286,sudhama
4287,abha kumari
4288,kaluram
4289,soni mishra
4290,rajni seth
4291,garv
4292,bhanmati
4293,vipul vats
4294,muskuran
4295,kamal kishor soni
4296,ankur divedi
4297,mohd masoom billa
4298,prem shaksana
4299,yameen
4300,sarain
4301,navin kumar gutam
4302,shahnawaz shah
4303,s p vinit gupta
4304,kumari santra devi jogi
4305,smt mohni
4306,ashok kumar
4307,dya shankar
4308,priti kaur
4309,khalid khan
4310,asha ram
4311,rakesh singh
4312,sapna
4313,kumarage dona dhanasiri chandra latha
4314,nachita
4315,richa aggarwal
4316,lakhan
4317,razi
4318,aanand
4319,agyapad bhatya
4320,abbal singh
4321,kamla
4322,pram jeet dabas
4323,taniya
4324,veerendra singh
4325,satwander koor
4326,ms bharti
4327,shahir
4328,rahul vijay
4329,jannat
4330,dhara
4331,uma devi
4332,jewa
4333,bindu devi
4334,laxmi sarpota
4335,saraswati thapa
4336,dalip
4337,bhanu pratap morya
4338,prshant
4339,arvind
4340,amit kumar
4341,ashish kumar
4342,angan singh
4343,awdhesh pokharana
4344,kausal kumar
4345,shabi abbas
4346,mandothi
4347,sashi bala
4348,arsad
4349,mohd aashiq
4350,dimpal
4351,amit sachdeva
4352,meena kawar
4353,aanchal
4354,chanpa megwal
4355,priya dhingra
4356,kapil
4357,yukilal
4358,narender kumar vajpai
4359,girish
4360,viram singh
4361,megharaj kirad
4362,madhu
4363,ravi rakuwar
4364,sushree sagar
4365,anshul
4366,sarla
4367,kalu luhar
4368,upender jha
4369,keshri chand
4370,aoosaf
4371,umashankar prajapatti
4372,tripta
4373,miss kanchan
4374,tanmay
4375,busness gupta
4376,naresh bai
4377,amit tandan
4378,charan singh
4379,guru lal
4380,manoj kanwar
4381,rajudi doda
4382,salmaan
4383,pragti
4384,momina
4385,manju bai  bagri
4386,shabina praveen
4387,dhramveer
4388,gulbasha
4389,swati thakur
4390,amardeep
4391,nazrana
4392,ankur gupta
4393,aayush
4394,partul gautam
4395,jisu
4396,lokesh
4397,mamata kumari
4398,devinder singh
4399,kirpa
4400,tarun kuamr
4401,dharmraj
4402,maatwar singh
4403,devi jana
4404,jai singh
4405,seti
4406,shalu
4407,smt bhagwani
4408,manpreet singh
4409,sweta
4410,rahul shah
4411,dharmender singh solanki
4412,rachana yadav
4413,nana
4414,smt mukesh
4415,anshu gupta
4416,aasmin
4417,kumari shakshi
4418,nikki
4419,vikas aggarwal
4420,yasmeen
4421,devender sharma
4422,maheshar jahan
4423,narayan dutt
4424,gudya singh
4425,nasar ali
4426,kushamvir
4427,uday lal
4428,dimple
4429,shidharth shukla urf sumit
4430,sanjeev ray
4431,nikhil
4432,manisha khandelwal
4433,gonsan topno
4434,wasimuddin
4435,amar pal
4436,alseepa
4437,durga
4438,indu devi
4439,garupal singh
4440,jharna sardar
4441,baby sharma
4442,sonia kapoor
4443,smt kmla davi
4444,satvir singh
4445,anurag verma
4446,gaffur khan
4447,ganesi devi
4448,rajbeer
4449,smt mamta devi
4450,hardass
4451,mukesh panjara
4452,rushali
4453,najarana
4454,padam singh
4455,dord yadav
4456,dipak garg
4457,divya kor
4458,aman sharma
4459,bhushan
4460,ram parkash teneja
4461,preety
4462,ashok goswami
4463,manak chand
4464,ram khiladi
4465,oli ahmad
4466,hitender kumar
4467,krishnal
4468,manju saini
4469,amina khatun
4470,yashmin
4471,mudbir khan
4472,shaubha ram
4473,sita kumari
4474,suhana baano
4475,gokul
4476,indra
4477,binnu
4478,narayan ram
4479,beauty
4480,shiv paswan
4481,deepak upadhayaya
4482,harbhajan singh
4483,tabassum
4484,yinita
4485,munajir alam
4486,mohd farman
4487,sahlesh kumar
4488,sethi
4489,sajju
4490,jasvir
4491,naresh semwal
4492,kiniya
4493,prakash regni
4494,udit
4495,mohammad kaif
4496,mukeemuddin
4497,priya  chturvedi
4498,shiteel
4499,jiwan dhir
4500,bhawna
4501,prayatan prabhas
4502,kiran pal singh
4503,smt gunjan
4504,turveny
4505,smt radha
4506,shadhna
4507,saru
4508,smarti  kumari
4509,ramdhan
4510,sirajuddin
4511,rajider singh
4512,pooja gop
4513,asutosh sharma
4514,dinesh jain
4515,kamal panwar
4516,vijay saini
4517,shekiba sheikh mohammad
4518,ladakunvar
4519,indal paswan
4520,sajjan kumar
4521,rupali vishwas
4522,guman singh basyal
4523,sorab siaq
4524,shailender
4525,chetram gurjar
4526,kamlesh gupta
4527,shanti lal
4528,reena bhil
4529,dhanpat ram
4530,uma shankar soni
4531,laxmi shah
4532,mohit chaudhary
4533,imaman
4534,raj tilak
4535,sayeri
4536,ram chandra mishra
4537,darshana
4538,gautam  mandal
4539,bhawana jat
4540,kumari pinki
4541,anjna
4542,lalit kathuriya
4543,gudiya
4544,rajender kand pal
4545,karnesh
4546,navendra
4547,krishan pal
4548,harbanschauhan
4549,kedarmal
4550,palvinder kaur
4551,mithilesh kumar sharma
4552,punit gupta
4553,puran  singh
4554,vidya devi
4555,sabeena
4556,anuu
4557,kali charan sain
4558,naved
4559,aakash
4560,trilok
4561,sumitra
4562,rajendra  pandey
4563,amir hamza
4564,rama kumari
4565,sumirta
4566,simren
4567,sushil
4568,gauravgil
4569,shabana
4570,kunda swami
4571,bhawan singh gusain
4572,gulnaz
4573,gajendra singh sekhawat
4574,kriti
4575,abhijit singh
4576,tipu
4577,bala
4578,santosh kaur
4579,khushbhu
4580,amar bazaz
4581,mohd shakib
4582,smt sampat
4583,umar farukh
4584,priya urf laxmi devi with her son
4585,vicakha sahani
4586,manoj saini
4587,noor mohammad
4588,smt narmda
4589,gagan kumar
4590,harbai
4591,ku  anchal
4592,madina khatu
4593,smt mangi bai with child
4594,yogender
4595,ankit jaiswal
4596,shika haldhar
4597,puja kanvar
4598,parmod kamat
4599,adersen
4600,rakesh kumar agrwal
4601,yogesh kumar dhunna
4602,shobina
4603,lalit arya
4604,seetal
4605,prami
4606,mooli devi
4607,shyam dhar mishra
4608,kumari monki
4609,shqakuntla
4610,anisha koirala
4611,md imran
4612,sandeep thakur
4613,aasif ali
4614,imam baksh
4615,rekha devi
4616,hukam chand
4617,yaadram
4618,meenu vishwas
4619,taruna
4620,hazrat ali
4621,gaytri
4622,rencho
4623,ravindra kumar
4624,abbas mehndi
4625,ashish semwal
4626,sahnabaj
4627,kaif
4628,rampal alis ram lal
4629,sheetal verma
4630,naresh chauhan
4631,rashid ahmead
4632,kailash garg
4633,fornta
4634,dhaney
4635,maya yadav
4636,chetan yogi
4637,bakhtvaar jahan
4638,ankit mishra
4639,sonika
4640,koshlya
4641,kundan ram
4642,ravena
4643,aditya
4644,firoza
4645,panaj
4646,shikha garg
4647,shukveer singh
4648,seeriya bibi
4649,sawati
4650,satbir kumar
4651,maya dhaval
4652,gulnaj
4653,depander
4654,smt chitra
4655,chandrakala
4656,parjinder singh
4657,beragi singh
4658,vikramjeet kundu
4659,chetna
4660,veena gupta
4661,ram ratan
4662,durga  with her son aayush
4663,nayeem
4664,chandrashekhar saini
4665,abhay pratap
4666,sumit risidev
4667,rama devi
4668,mohd kaim
4669,anoop singh rawat
4670,nazahat
4671,ashok meena
4672,papiya dass
4673,rasid
4674,aarti mehta
4675,sunarki devi
4676,gurdeep
4677,jagdish kumar sagar
4678,smt reetu
4679,triveni
4680,gulfam
4681,rajmani
4682,ratwari chaudhary
4683,abdul vahid
4684,ramdin
4685,mohamad faruk
4686,sarad chaubay
4687,mohan kumar
4688,sheelu
4689,geesa kha
4690,sukh dev prasad nirala
4691,baljeet singh
4692,chhoti devi
4693,vikash tomar
4694,chandpreet
4695,dumani munda
4696,punit sharma
4697,munni sharma
4698,meenakshi raj sharma
4699,aadil
4700,sabbir alam
4701,bagdai
4702,smt rani devi
4703,nisha rani
4704,nihalchand
4705,mukesh kumar yogi
4706,laxmi
4707,amar singh mahar
4708,aijay jaiswal
4709,bharkha
4710,sitaram pal
4711,tisha urf megha sen
4712,feflibai
4713,mantosh
4714,md kamruddin
4715,usha ankar
4716,sonyi
4717,fara
4718,meenu bahadur
4719,kamrulnisha
4720,ramli rathore
4721,raisingh
4722,kalyani kumari
4723,umrawti devi
4724,ashanjali
4725,gulshana
4726,mubarik
4727,manoj upadhay
4728,sudhata
4729,motilaal
4730,mubashir ali
4731,bijendra kumar
4732,sunil kumar
4733,baleshwar  tiwari
4734,jubeda
4735,lucki anand
4736,shri manoj
4737,shaina
4738,sher mahomad
4739,jai shankar
4740,shahnaz khatun
4741,avinash kumar
4742,kiran yadav
4743,sehdev mukhiya
4744,smt ladidavi
4745,kureja
4746,ram singh
4747,pari
4748,susmata dass
4749,pankaj chand
4750,ku ponam
4751,smt payal
4752,sudesh kumari
4753,rohaan sadat
4754,suma
4755,sahaja
4756,himani joshi
4757,harmeet kaur
4758,km ruby
4759,soni prasad
4760,anjuman bano
4761,anjli
4762,janki devi
4763,reenu
4764,chandra dhar pande
4765,ramveer
4766,gopi nath  haldhar
4767,roopsingh
4768,kitti
4769,kumari khana gulsan
4770,roshani bhatiya
4771,lalita dobhal
4772,kushal
4773,rehana banu
4774,suman rani
4775,arun singh
4776,sudershan bala
4777,abdul rehman
4778,liyakat
4779,parmod  kumar
4780,hamid
4781,shiv sagar
4782,jamshed
4783,baljeet kaur
4784,kasturi devi
4785,atanu das
4786,nibo devi
4787,gulshan singh
4788,sonaki devi
4789,bundhu
4790,vinit katariya
4791,gorv sharma
4792,manita
4793,bina ravat
4794,foola devi
4795,majid
4796,rajo sharma
4797,sandha devi
4798,miss nirmala
4799,daveena
4800,sahna parveen
4801,abhinav jhori
4802,kalu bhatiya
4803,niyaaz khan
4804,mohabbat ali
4805,chandrram
4806,jitender tiwari
4807,prakesh
4808,nanak prasad
4809,anil jain
4810,pooja chauhan
4811,smt nidhi
4812,aman
4813,vinod kumar meena
4814,kanika
4815,sapna gurjar
4816,monti
4817,dholi bai
4818,mahfuj
4819,sanjeev kumar gupta
4820,sanjay chug
4821,traun kumar
4822,mintu mulla
4823,istyak
4824,nandu
4825,kirshn goapal jadhon
4826,suman lata
4827,vijeta
4828,latur lal
4829,janak singh dadwal
4830,rahul paswan
4831,chura bahadur
4832,neeraj sharma
4833,varda khan
4834,lekhraj pahuja
4835,nawed
4836,bobi khan
4837,gulam  nabi azad
4838,mitthu
4839,vipol
4840,sangeeta shah
4841,dara singh
4842,rakeeba
4843,jashinal
4844,mandan lal
4845,paramjit
4846,momin
4847,sunder lal mongia
4848,shivyalam
4849,deepak kapoor
4850,chandesh
4851,saddam khan
4852,sarswati
4853,radhika muktan
4854,sony jha
4855,tohmeena
4856,sotaj singh
4857,vikash jain
4858,jincy varghese
4859,rijwan aalam
4860,maina devi
4861,rakesh kumar yadav
4862,mayank
4863,sohil
4864,upender
4865,renu joshi
4866,prem giri pradhan ji
4867,satish chander jha
4868,arunkumar toshniwal
4869,razi ahmad
4870,abdul samrad
4871,manimegla
4872,kumari vaishali vaishnav
4873,shekh sana
4874,mehak singh
4875,krishna
4876,rai singh
4877,anita suthar
4878,renu rajawat
4879,visan chetri
4880,bhundki devi
4881,habiba
4882,rashida
4883,vashudev
4884,kulli devi
4885,bhupender pal
4886,abbas
4887,ashok paswan
4888,kajal kumari
4889,roshanlal
4890,sriniwash sarama
4891,manju kumari kalbi
4892,deepika chauhan
4893,kumari mamta
4894,ruhhena
4895,sharda kharadi
4896,ravinath
4897,faizan khan
4898,nasim
4899,swaliya
4900,mushkan
4901,jyoti swroop
4902,ajay singh rajawat
4903,rennu
4904,hajari bai
4905,khairu nisha
4906,shalu sabarwal
4907,sardar amarjeet sahni
4908,smt parwati
4909,sardar kawaljeet singh
4910,smt indra sahu
4911,pramila urf pinki
4912,sandya
4913,puswa swami ratan
4914,abdul arbaz
4915,reetu
4916,saurav
4917,mohd mustkeen
4918,natasha
4919,anandu krishan
4920,shail
4921,smt sangita
4922,smt nirmla bai
4923,bishun
4924,sheela nain
4925,marti kalasua
4926,munish singhla
4927,santi bai
4928,jahgeer
4929,mahraj
4930,baldev singh
4931,premsingh
4932,kamla prasad
4933,bhura ram
4934,tanuj kandpal
4935,aasha ray
4936,vijay karan
4937,raj ram
4938,vikram bahadur
4939,rahul kumar
4940,succha singh
4941,shabana begam
4942,imrana
4943,gurmeet kaur
4944,jeetu
4945,sunil kumar gupta
4946,kaushal chaudhary
4947,arif niyaz
4948,shivji  mathur
4949,kumari shital
4950,santoshi mehto
4951,pradeep mehta
4952,avid
4953,jani khan
4954,surendr
4955,yogesh rawat
4956,aru
4957,ravinder kaur
4958,budhan
4959,gya parsad
4960,surender bansal
4961,narendra nagda
4962,taushif raza
4963,sahab singh
4964,tarun upadhyay
4965,vinay shankar chobda
4966,smt reena
4967,sumentra
4968,karan
4969,muzamiil
4970,rattan vail
4971,satish chawla
4972,sidharth vermani
4973,manish bansal
4974,imran khureshi
4975,kumari  kiran
4976,km gitali
4977,amit sharma
4978,gudiya oran
4979,shusila devi
4980,mooli
4981,pushpa devi
4982,sunita kanwar
4983,riya masi
4984,arvind kumar boyat
4985,mool chnad
4986,nooralha
4987,divy puri
4988,subhash chand
4989,bhagwan dass
4990,afsana khatun
4991,shyam sunder
4992,sukar yadav
4993,padma
4994,ajay sharma
4995,tufel
4996,ravish kumar
4997,sikha
4998,ronak
4999,pinki chanda
5000,geetanjali
5001,gurdarshan singh
5002,pushpawati
5003,rajkumar
5004,leena
5005,sehin
5006,ct b sathya murti
5007,shalig ram
5008,nitu hada
5009,ameer divan
5010,raju  sonker
5011,nathiya devi
5012,amber darjee
5013,miraz
5014,furkan
5015,adil
5016,avnish kumar
5017,vivek
5018,ganga sahey
5019,sangita choudhary
5020,md chand
5021,seema rathore
5022,naresh kumar sharma
5023,malkeet singh
5024,durga lal
5025,vinod chandra upreti
5026,upender mehto
5027,nitin chahal
5028,suraj kewat
5029,satya narayan bacchan
5030,love manjhi
5031,anjali tiwari
5032,pintu thakur
5033,smt manju
5034,bhola
5035,babalu sen
5036,jayada khatoon
5037,dhaneswar dass
5038,mahindra kumar
5039,rakesh chhatwal
5040,vishal tiwari
5041,ramhetu
5042,vikram  routela
5043,pintu tarfdar
5044,manbai rekwar
5045,rajbir
5046,piyari
5047,ruckmani
5048,prabhjit singh
5049,ashok kumar gha
5050,darfasha
5051,shoiba
5052,kailesh chand
5053,md alamin
5054,aashu
5055,dayal singh b
5056,anash
5057,kailash singh adhikari
5058,netra pal singh
5059,aarati
5060,maahi
5061,adnan
5062,rasab
5063,tumpa
5064,sanha
5065,kamna devi
5066,arvind kiran
5067,champa lal
5068,karamjeet kaur
5069,sashi kala
5070,kauslender  singh
5071,sona lal
5072,maya devi
5073,satya narain
5074,sundar singh
5075,sukhmit yadav
5076,sangita yadav
5077,ramlal
5078,sahab bai
5079,saranjeet singh
5080,hema
5081,prem bai
5082,kesri prashad sharma
5083,mustafa
5084,najreen
5085,veenita
5086,gurcharan singh
5087,kishan dutt
5088,chetanya swaroop
5089,sunitha
5090,tofik
5091,sarad raghuvansi
5092,mukul tiwari
5093,ajmal
5094,shur singh
5095,karima
5096,harendra singh
5097,smt sarasvati
5098,hasim
5099,pavnesh
5100,divya mishra
5101,prem nath
5102,anju jain
5103,shayam sunder
5104,shahid
5105,yunishs
5106,uma kasav
5107,ruppa devi
5108,ratani
5109,sanita
5110,shubham dandriyal
5111,savina
5112,smt dipika
5113,sanjay rana
5114,man singh
5115,anju goyal
5116,mohd sajim
5117,sayara
5118,kalu ram
5119,jesmin
5120,manju with her child ritika
5121,maya lakhera
5122,mukesh ram
5123,jyoti tiwari
5124,ifteshyam akhtar
5125,mohan sharma
5126,ankit kumar
5127,rahul shukla
5128,jitender singh
5129,shiv kumar verma
5130,jitander
5131,pawan kumar sharam
5132,mithun kumar
5133,narbir
5134,bhupendra singh
5135,chandi prsad
5136,rajendar sen
5137,rajesh kumar paswan
5138,ramdas
5139,mahrul nisha
5140,hiten dev
5141,arjina
5142,mukesh verma
5143,dhram sigh
5144,smt indu devi
5145,kirodimal
5146,nishal
5147,pooja arora
5148,raj dev singh
5149,rukhsana
5150,shri kishansingh
5151,kanti prshad
5152,laskshita
5153,asha rani
5154,teerath singh
5155,shi girdhari
5156,prakesh gupta
5157,manmeet kumar
5158,priya jain
5159,ramchandra parsad kurmi
5160,gita
5161,prithvi chand
5162,arshi
5163,sngeeta
5164,rabina khatun
5165,nitu sharma
5166,asha
5167,gaurav chhabra
5168,ram parsad
5169,gyandeep
5170,vasu nanoma
5171,sadik husain
5172,ramu dubey
5173,prabhu lal
5174,bhart
5175,shreeniwas sharma
5176,tharu singh
5177,pannu
5178,harak khatri
5179,khimanand
5180,devi ram
5181,bhudhashen
5182,saanu goyal
5183,sanjeev verma
5184,mohd  javed
5185,jai bhagwan
5186,ratni
5187,nandi devi
5188,santara
5189,gurdeep kaur
5190,p dinesh raju
5191,chand miya
5192,azad hussain
5193,vishal raghav
5194,phoolwanti
5195,mujeeb
5196,kavita gupta
5197,navneet kaur
5198,sakiran begam
5199,santi
5200,uzma
5201,vikshi
5202,kanak lata
5203,ajeet singh
5204,devender singh
5205,jahir ahmad
5206,pradeep shah
5207,talib
5208,krishan kishore
5209,beena devi
5210,varsa
5211,sumit
5212,munni
5213,umashanker
5214,paro
5215,rini
5216,vidya
5217,rizvana
5218,vasuki thakur
5219,pavitra
5220,raja muttu
5221,durgesh
5222,nirutma
5223,neetu goyal
5224,harsh chawla
5225,smt geeta
5226,rubbina
5227,mohit mathur
5228,vicky sharma
5229,karan kumar
5230,mithelash
5231,prem parkash seth
5232,rajesh garg
5233,mamta pandey
5234,devika goyal
5235,km reena
5236,sehzad
5237,shrabani saha
5238,bsram devi
5239,harish kumar pandey
5240,vijay  banshwal
5241,cheete
5242,smt rupi rawat
5243,basant joshi
5244,chotan
5245,bhole ram
5246,rajeev gupta
5247,sunder munni kumari
5248,sakila damor
5249,smt vimla devi
5250,hari mohan
5251,mandira mondal
5252,shanno
5253,vishal kumar
5254,jamila khatoon
5255,varsha dhania
5256,jeet ram
5257,kumari deepa
5258,sarwitavm
5259,jile singh
5260,nijam
5261,pooja garg
5262,amjad khan
5263,chaman lal verma
5264,anwar ansari
5265,radesyam
5266,avadh bihari
5267,jainaf
5268,parsnath
5269,prakash
5270,sukshana
5271,vrendra singh
5272,sandip kumar
5273,karmveer singh
5274,prameela
5275,aidtya
5276,chhavi
5277,nargish
5278,shokat
5279,hari om
5280,sachin kumar mittal
5281,pinku
5282,prdeep
5283,manoj gaur
5284,shri pal
5285,haridutt
5286,suraj bahadur
5287,smt shanta nayak
5288,gaurav kumar
5289,priyanka rani
5290,sundga
5291,rekha vays
5292,shoukat
5293,kasturi
5294,ankaj
5295,mina meena
5296,naulakh
5297,nasibu nisha
5298,mohhmad shahil ragraj
5299,neeli nirmala
5300,mahesh saini
5301,sila
5302,km guddiya
5303,jayotli
5304,piuesh
5305,ajay panday
5306,lokendra
5307,ram gopal urf gopiram meena
5308,sunil chauhan
5309,kiran kanwar
5310,shaurabh
5311,simpi kumari
5312,rajesh kumat
5313,neeraj shokeen
5314,tanveer malik
5315,jawhar lal
5316,begum bano
5317,niranjan lal saini
5318,husainpreet kour
5319,shri kistur chand jat
5320,priyanka  kumari
5321,fiza khan
5322,sapna shaha
5323,pramod shrama
5324,ashwini kumar
5325,payal ahari
5326,kamala
5327,ishrat jahan
5328,birma devi
5329,nrotam dat
5330,vaishanvi
5331,dhananjay
5332,dalip kumar
5333,syamsunder
5334,mohd uved
5335,juli
5336,sidheswar
5337,farzana
5338,raj kumari
5339,biran
5340,laxmi koli
5341,riti mandal
5342,harsha chittora
5343,alisha jain
5344,joginder singh
5345,kamal jit singh
5346,harish chand
5347,shyad furkahn hussain
5348,puja chauhan
5349,rajwati
5350,razni
5351,susan subva
5352,harish
5353,arjina sheikh
5354,km puja
5355,sabiya khatoon
5356,sajan
5357,sunil kuamr jain
5358,krishan kumar
5359,monika kumari
5360,rajesh bai
5361,rupak singh
5362,khemchand
5363,abdul rasheed
5364,smt kali devi
5365,gopesh
5366,shivam jain
5367,sunny goyal
5368,mukesh banjara
5369,baita
5370,buddha
5371,chndrakla
5372,jot ram
5373,lala bhai
5374,somil kumari
5375,avdesh kumar yadav
5376,musmi
5377,amarvesh
5378,arjun kumar jaiswal
5379,surya kumar saini
5380,sheetal and child jeet
5381,daulat banno
5382,amit pal
5383,rajat garg
5384,sumit yadav
5385,ranpal singh
5386,kashum
5387,arajun singh
5388,vibha devi
5389,ram nichatar
5390,husana bano
5391,kayamuddin
5392,suman kumar
5393,chahat
5394,majid ansari
5395,veeri singh
5396,hitesh widhuri
5397,sabbo bano
5398,kumari preeti kuntal
5399,bhanu priya
5400,nitam
5401,prhalad kumar
5402,sukhram
5403,runiya
5404,mohd  ashlam
5405,himanshu gautam
5406,rajbir singh
5407,pushpan
5408,km komal
5409,sonu bhawsar
5410,dharminder
5411,hina parvin
5412,almina
5413,ruchit
5414,chnada chouhan
5415,khusbhu
5416,salima
5417,halki bai
5418,kamlajeet
5419,praveen bharti
5420,hamida khatun
5421,perveen kumar
5422,archna marwha
5423,smt chanda
5424,ashraf
5425,annu
5426,jameela
5427,nasir
5428,samaiali
5429,chander aggarwal
5430,meena yadav
5431,rajdev bind
5432,roji
5433,sarfraj
5434,vishnu kumawat
5435,motilal
5436,amasi munda
5437,ranjan devi
5438,tavinder kumar
5439,gulpacha
5440,amrish seni
5441,sardar santbir singh
5442,latesh
5443,tej prakash
5444,mukesh chaudhry
5445,chaya
5446,ajay kumarn mishra
5447,raziya
5448,shankar singh
5449,sheilesh kumar
5450,guddi bai
5451,kushmi devi
5452,dhalchand
5453,twinkil
5454,birbal ram
5455,muslim shekh
5456,bhanumati kunwar with child
5457,ajay singh bhati
5458,rajeev sirohi
5459,revndrshing
5460,kamlesh panday
5461,ranbir singh
5462,fakir singh rawat
5463,ramdin verma
5464,pankaj gautam
5465,satya sunder pauigrali
5466,parsant
5467,nathu lal sankhla
5468,suman shakawat
5469,noojo khatoon
5470,shakil ahamad
5471,arun prakash tiwari
5472,saurabh ujjwal
5473,ambika panwan
5474,gayatri
5475,stifen john
5476,hanuman sing
5477,baldev raj
5478,jasvir kaur
5479,gango devi
5480,satyaprakash
5481,ratneswar mishra
5482,mani kumar
5483,alka
5484,km sivhani
5485,mayuri
5486,vimal nepali
5487,deepti bhargav
5488,amba  balai
5489,anikt kumar singh
5490,hitender garg
5491,priyanka jat
5492,farida khan
5493,pushpa jha
5494,rama
5495,bhanwer lal
5496,junaid
5497,meena begum
5498,hifjul kha
5499,pramod gupta
5500,bhawani
5501,shubhm
5502,bushra
5503,devika
5504,bhima
5505,kumari manju
5506,prem wati
5507,bishesh kumar
5508,jhuhi
5509,kanhiya thakur
5510,satish chand jain
5511,piyus
5512,afarin
5513,rubi devi
5514,hawa devi
5515,pankaj  chobe
5516,durgesh kumar
5517,mastan
5518,dhrampal
5519,jayda khatoon
5520,akhatari begam
5521,moshri
5522,haji mohmmad
5523,dharam dev podar
5524,manoj kumar shrivastav
5525,harikishan
5526,manoj sahni
5527,shayra
5528,diksha gupta
5529,siraj
5530,amita
5531,kesar
5532,pooja soren
5533,smt vinita
5534,bagga kunwar
5535,bandu khan
5536,bhupendra urf anku
5537,atu verma
5538,jagir singh
5539,deepanti
5540,ghurul alam
5541,poonam chand
5542,bhawana bharti
5543,manju roy
5544,asha kaur
5545,najiya
5546,ranjana singh
5547,aman arora
5548,chanda ram
5549,chumki sarkar
5550,shaymu meena
5551,alam
5552,deni
5553,laxman singh
5554,chandu paswan
5555,tinku singh
5556,malvika
5557,karishma bathi
5558,vijay singh
5559,bapu lal dangi
5560,kumari guddi
5561,smt kavita
5562,diksha chaudhary
5563,fool kunwar
5564,rajender joshi
5565,marjina
5566,sanjay bhati
5567,bhura singh
5568,rajat kumar
5569,dilshana
5570,bhagipuri
5571,vijay kumar
5572,ishtkar
5573,krishka
5574,shahid ahmad
5575,rajender goyal
5576,rajesh gupta
5577,asgari bagam
5578,sumer singh
5579,man mohan mehta
5580,sumer
5581,shahnawaz
5582,rajni mahraval
5583,ramniwas jat
5584,pavan sharma
5585,lata sharma
5586,vandna urf meenu
5587,omkar singh
5588,buhan chandara
5589,naveen singh
5590,rehmat ali
5591,priya mishra
5592,srita
5593,bijali devi
5594,puran
5595,girija rani
5596,luxmi
5597,chinta
5598,bhartendu singhal
5599,kumari asha
5600,safila
5601,sudha devi
5602,desh raj
5603,shanty devi
5604,chander shekar
5605,hukum chand
5606,afjal
5607,shashikant
5608,satan choudhary
5609,san jan devi
5610,sushmita bishwas
5611,kamta
5612,neha jain
5613,radhesayam
5614,mainka
5615,munny
5616,nikki sharma
5617,sunil mehta
5618,rajeshvr
5619,shivalika
5620,dharmender kumar
5621,ved prakash
5622,depali kurmi
5623,jaspal
5624,ram swroop
5625,shaid
5626,sanno
5627,omeshkumar urf raju meena
5628,miss rachana
5629,sahil
5630,awdhesh kumar singh
5631,parwati meena
5632,chunni devi
5633,nayan saikh
5634,talim
5635,sunder singh
5636,hamid ahmed
5637,mohd rizwan
5638,samreen
5639,chappla  malik
5640,smt sonu sharma
5641,kamal urf babu
5642,kunj bihari
5643,heena parveen
5644,malti devi
5645,achin chakraborty
5646,md saeed
5647,dishad
5648,bholaram yadav
5649,jite
5650,nigar khan
5651,yashoda
5652,mousam
5653,sobit saini
5654,fakrudeen
5655,inderjeet singh
5656,rajlaxmi
5657,esrail khan
5658,sanjay mandal
5659,tulsi devi
5660,nand ram
5661,ajeem
5662,pooja kashyap
5663,dinesh mongia
5664,reshma kami
5665,vijesh sahu
5666,pooja shrama
5667,ramkali
5668,jalil ansari
5669,sabir ali
5670,rajkaranta
5671,shashi bhusan
5672,rabina khatoon
5673,sunil kimar
5674,jauli
5675,smt kanchan devi
5676,mathura singh
5677,jogender singh
5678,kanchi
5679,arjun sahni
5680,avinsh
5681,amarmula
5682,sarvan kumar
5683,jai kishan gupta
5684,nijamuddin
5685,karmi indwar
5686,rajesh saini
5687,supyar bagriya
5688,gulfsa
5689,premla  or soni
5690,saksi chandna
5691,hafsa draboo
5692,arif akram
5693,manwi
5694,anaro devi
5695,sushmita mandal
5696,sobha veshy
5697,israr
5698,kiran meena
5699,harish sharma
5700,altmash
5701,mahud ansari
5702,sk abu hasan
5703,durganand
5704,rakshit ghai
5705,mohd aakib
5706,fahira soni
5707,dhapu bai
5708,mangal
5709,miss monika
5710,abhishak
5711,vidya nand jaiswal
5712,parveen suyal
5713,javitri
5714,roshan  kumar
5715,gopal dass
5716,veena sharma
5717,sohaib
5718,nikhil yadav
5719,islamuddin
5720,arun dabas
5721,angad bhatia
5722,jagdish kumar
5723,nirmla devi
5724,sameeruddin
5725,rghuraj singh
5726,sahadeb bhuniya
5727,surajpal
5728,sadur rahman
5729,nur ahmad
5730,bablu khan
5731,shalu sharma
5732,ajay singh panwar
5733,asho
5734,ashish gupta
5735,birajpal singh
5736,devpal
5737,smt renu sharma
5738,anjal sharma
5739,chhanoyar shekh
5740,satbir chada
5741,lali urf kismat
5742,chandan
5743,pancu
5744,riju devi
5745,parmodh
5746,sahabudeen
5747,kamla meena
5748,riyajuddin
5749,monish
5750,guljar
5751,faizur rehman
5752,seema gujar
5753,jeet singh ramola
5754,mahesh sharma
5755,aryan prateek
5756,ramswaroop
5757,raju ghosh
5758,shrimati vipin
5759,sohanlal
5760,chetan pandey
5761,naulesh
5762,ram dev yadav
5763,nitesh
5764,kanchan manjhi
5765,murli dhar
5766,taitra devi
5767,raeeyan
5768,golu
5769,ravi kumar
5770,kehkasha
5771,rame singh
5772,mony
5773,raj bai
5774,satbir kaur
5775,laxmi urf billu
5776,sadhna
5777,naveen rawat
5778,kawa lal
5779,laxman lal tundwal
5780,mohar snigh
5781,amrita singh
5782,mantasha
5783,shivraj
